0,0,0,0,0,0,0,6.03,14.88,19.01,20.75,23.34,26.01,20.52,23.79,17.13,9.34,0.11,0,0,0,0,0,0
0,0,0,0,0,0,0,6.73,13.99,22.21,25.34,23.6,26.92,25.63,22.49,15.38,8.949999999999999,0.14,0,0,0,0,0,0
0,0,0,0,0,0,0,6.36,16.78,22.34,20.18,21.17,20.13,18.64,14.32,16.7,10.19,0.19,0,0,0,0,0,0
0,0,0,0,0,0,0,5.96,18.18,21.19,24.42,20.28,20.32,24.17,19.75,18.38,9.82,0.19,0,0,0,0,0,0
0,0,0,0,0,0,0,4.91,12.33,17.79,21.77,22.4,22.68,21.02,15.15,11.35,7.3,0.13,0,0,0,0,0,0
0,0,0,0,0,0,0,1.34,5.89,8.960000000000001,10.56,11.54,13.82,16.36,15.38,10.42,7.02,0.12,0,0,0,0,0,0
0,0,0,0,0,0,0,6.48,18.03,18.76,25.16,23.28,28.3,25.78,26.98,22.89,14.5,0.2,0,0,0,0,0,0
0,0,0,0,0,0,0,6.1,14.76,23.65,20.27,13.93,16.99,16.96,17.23,19.7,10.31,0.17,0,0,0,0,0,0
0,0,0,0,0,0,0,6.37,16.95,22.94,19.34,22.27,22.27,18.27,19.63,16.01,11.34,0.29,0,0,0,0,0,0
0,0,0,0,0,0,0,5.41,16.89,20.86,20.71,25.6,24.67,22.74,22.99,20.57,12.11,0.29,0,0,0,0,0,0
0,0,0,0,0,0,0,6,18.38,21.32,22.22,24.57,23.38,21.42,25.26,22.71,11.82,0.4,0,0,0,0,0,0
0,0,0,0,0,0,0,5.66,19.07,20.09,25.21,22.1,26.27,27.17,21.21,21.65,14.72,0.44,0,0,0,0,0,0
0,0,0,0,0,0,0,2.78,12.12,17.2,21.13,23.48,24.34,22.42,21.66,20.08,8.300000000000001,0.2,0,0,0,0,0,0
0,0,0,0,0,0,0,0.58,2.83,5.48,6.5,7.77,8.82,12.54,12.54,9.6,3.89,0.15,0,0,0,0,0,0
0,0,0,0,0,0,0,6.42,17.25,20.09,26.19,20.2,22.55,21.97,21.69,21.29,14.35,0.62,0,0,0,0,0,0
0,0,0,0,0,0,0,6.23,16.24,20.35,22.25,22.65,27.84,26.93,25.23,20.96,12.3,0.5,0,0,0,0,0,0
0,0,0,0,0,0,0,6.05,16.26,22.21,23.17,19.42,24.53,24.51,19.62,17.88,14.13,0.68,0,0,0,0,0,0
0,0,0,0,0,0,0,5.05,14.64,19.96,24.2,23.46,22.5,26.5,24.71,21.84,12.57,0.5600000000000001,0,0,0,0,0,0
0,0,0,0,0,0,0,6.91,18.92,20.06,25.65,22.98,20.59,21.28,22.59,24.48,12.33,1.07,0,0,0,0,0,0
0,0,0,0,0,0,0,6.36,16.84,20.3,21.28,23.46,22.47,23.89,21.83,18.73,12.71,0.75,0,0,0,0,0,0
0,0,0,0,0,0,0,0.79,3.04,5.1,7.91,7.15,9.890000000000001,12.57,12.71,8.789999999999999,5.23,0.25,0,0,0,0,0,0
0,0,0,0,0,0,0,5.31,12.14,14.51,17.47,22.76,17.64,20.99,14.79,11.78,4.9,0.26,0,0,0,0,0,0
0,0,0,0,0,0,0,1.62,5.68,10.43,14.83,20.79,17.16,16.38,13.84,13.57,8.25,0.6899999999999999,0,0,0,0,0,0
0,0,0,0,0,0,0,4.65,11.98,19.91,19.13,21.27,20.25,19.5,15.94,9.949999999999999,3.25,0.11,0,0,0,0,0,0
0,0,0,0,0,0,0,5.08,13.25,19.42,19.88,19.38,18.93,17.21,13.81,12.55,8.35,0.71,0,0,0,0,0,0
0,0,0,0,0,0,0,5.27,14.02,21.53,22.84,28.6,23.51,27.79,22.23,18.25,14.14,1.38,0,0,0,0,0,0
0,0,0,0,0,0,0,6.64,15.76,21.47,28.05,27.87,26.97,28.55,22.39,19.58,13.8,2.07,0,0,0,0,0,0
0,0,0,0,0,0,0,7.02,19.41,26.61,23.33,21.98,21.97,22.69,22.38,24.22,14.26,2.24,0,0,0,0,0,0
0,0,0,0,0,0,0,6.2,19.2,23.52,22.97,20.5,24.11,25.64,23.75,21.98,15.5,2,0,0,0,0,0,0
0,0,0,0,0,0,0,6.8,16.83,22.69,25.24,26.49,24.67,27.4,23.59,21.92,15.75,3.5,0,0,0,0,0,0
0,0,0,0,0,0,0,5.8,16.31,21.7,23.8,26.54,28.61,27.73,21.81,19.29,14.89,3.83,0,0,0,0,0,0
0,0,0,0,0,0,0,5.56,18.49,19.78,24.48,16.21,22.94,20.7,22.6,24.91,15.84,2.36,0,0,0,0,0,0
0,0,0,0,0,0,0,5.32,15.61,18.47,21.95,19.57,23.78,19.82,21.02,21.37,13.72,1.32,0,0,0,0,0,0
0,0,0,0,0,0,0,3.04,10.83,16.5,22.79,27.33,27.29,26.23,23.93,22.36,15.46,3.04,0,0,0,0,0,0
0,0,0,0,0,0,0,5.4,14.22,22.05,20.89,19.44,22.82,23.63,22.88,20.46,17.49,3.74,0,0,0,0,0,0
0,0,0,0,0,0,0,5.29,15.81,23.52,25.89,21.37,26.36,24.99,25.8,18.29,15.33,4.03,0,0,0,0,0,0
0,0,0,0,0,0,0,6.58,20,19.46,21.33,25.55,23.54,21.7,23.22,23.06,17.22,3.64,0,0,0,0,0,0
0,0,0,0,0,0,0,5.49,17.51,21.7,25.33,25.16,19.82,18.89,16.54,11.81,7.47,0.48,0,0,0,0,0,0
0,0,0,0,0,0,0,4.18,13.22,19.22,22.1,23.71,26.22,24.96,25.83,22.75,14.57,3.5,0,0,0,0,0,0
0,0,0,0,0,0,0,5.84,14.9,23.03,21.34,17.37,18.72,19.65,18.93,15.24,9.07,0.5,0,0,0,0,0,0
0,0,0,0,0,0,0,6.68,17.65,24.1,27.01,21.93,23.98,25.89,17.99,15.58,11.82,2.39,0,0,0,0,0,0
0,0,0,0,0,0,0,5.2,15.46,18.64,20.87,18.85,19.26,24.81,21.47,17.7,12.68,3.12,0,0,0,0,0,0
0,0,0,0,0,0,0,5.95,15.57,16.2,19.79,21.9,22.17,22.25,22.01,17.65,17,3.57,0,0,0,0,0,0
0,0,0,0,0,0,0,6.59,15.84,22.45,24.77,23.63,25.62,24.8,24.05,18.85,14.5,4.8,0,0,0,0,0,0
0,0,0,0,0,0,0,6.78,15.69,18.66,19.42,21.15,17.13,18.77,17,14.36,11.02,2.17,0,0,0,0,0,0
0,0,0,0,0,0,0,6.94,18.32,24.26,25.56,26.71,23.08,25.49,24.68,24.12,19.04,4.48,0,0,0,0,0,0
0,0,0,0,0,0,0,7.72,20.14,20.8,27.82,28.27,26.42,23.11,25.04,25.13,18.05,3.78,0,0,0,0,0,0
0,0,0,0,0,0,0,5.65,19.43,20.64,25.99,23.95,24.3,28.71,25.47,23.4,18.17,5.13,0,0,0,0,0,0
0,0,0,0,0,0,0,6.3,18.87,21.69,24.85,26.43,23.05,25.19,24.84,19.24,18.23,5.29,0,0,0,0,0,0
0,0,0,0,0,0,0,6.88,16.59,20.11,26.21,28.92,23.14,20.52,19.01,18.11,13.9,2.9,0,0,0,0,0,0
0,0,0,0,0,0,0,7.3,18.71,22.28,20.48,24.12,26.5,26.21,27.28,22.04,14.72,4.37,0,0,0,0,0,0
0,0,0,0,0,0,0,7.57,15.77,20.15,21.71,26.2,26.45,23.9,21.65,25.13,15.15,4.97,0,0,0,0,0,0
0,0,0,0,0,0,0,6.42,15.37,19.13,23.78,21.02,20.8,27.87,27.44,20.92,18.15,5.44,0,0,0,0,0,0
0,0,0,0,0,0,0,5.33,13.84,20.58,22.31,21.13,22.78,27.15,26.53,25.23,17.06,5.01,0,0,0,0,0,0
0,0,0,0,0,0,0,7.6,18.98,20.48,25.78,27.26,26.69,24.34,27.32,22.09,15.64,5.68,0,0,0,0,0,0
0,0,0,0,0,0,0,7.52,16.65,25.91,23.8,28.52,23.91,24.78,22.67,25.52,17.26,5.08,0,0,0,0,0,0
0,0,0,0,0,0,0,9.289999999999999,18.25,20.43,26.28,28.85,25.53,23.01,22.2,21.55,17.48,5.01,0,0,0,0,0,0
0,0,0,0,0,0,0,8.58,19.47,25,21.7,24.85,21.33,22.72,24.19,20.05,15.19,4.82,0,0,0,0,0,0
0,0,0,0,0,0,0,9.81,19.15,23.88,23.69,23.75,25.94,22.39,26.69,22.27,14.86,5.28,0,0,0,0,0,0
0,0,0,0,0,0,0,8.49,17.05,26.43,24.53,26.36,19.14,21.2,14.25,9.109999999999999,6.18,0.88,0,0,0,0,0,0
0,0,0,0,0,0,0,8.74,19.68,20.56,25.9,26.69,25.91,23.84,23.84,22.92,16.37,5.84,0,0,0,0,0,0
0,0,0,0,0,0,0,7.11,7.77,10.7,11.89,15.27,18.29,16.25,16.66,15.46,15.65,4.98,0,0,0,0,0,0
0,0,0,0,0,0,0,10.82,19.45,22.05,27.3,22.42,20.16,18.03,13.06,12.42,8.49,1.68,0,0,0,0,0,0
0,0,0,0,0,0,0,8.09,19.12,19.14,25.52,23.62,26.7,25.33,21.62,19.97,16.85,4.77,0,0,0,0,0,0
0,0,0,0,0,0,0,8.390000000000001,20.51,22.6,27.86,26.84,24.27,26.88,25.74,26.07,15.18,6.19,0,0,0,0,0,0
0,0,0,0,0,0,0,10.86,17.93,23.52,27.84,23.63,23.37,22.69,25.92,24.94,16.36,4.91,0,0,0,0,0,0
0,0,0,0,0,0,0,8.640000000000001,19.54,22.4,20.69,21.61,22.22,20.75,20.76,21.93,18.39,5.85,0,0,0,0,0,0
0,0,0,0,0,0,0,8.82,19.63,22.65,23.81,21.68,23.8,21.98,21.41,19.01,13.76,4.42,0,0,0,0,0,0
0,0,0,0,0,0,0,8.73,20.43,21.37,24.66,16.66,18.94,22.92,23.25,21.89,14.58,4.97,0,0,0,0,0,0
0,0,0,0,0,0,0,10.96,17.71,20.79,21.14,23.45,25.26,26.2,26.68,22.93,17.35,4.38,0,0,0,0,0,0
0,0,0,0,0,0,0.02,10.26,15.65,21.05,18.28,16.79,23.14,26.21,21.74,19.29,18.42,5.39,0,0,0,0,0,0
0,0,0,0,0,0,0.03,8.99,19.44,22.52,21.71,16.29,15.51,17.18,14.26,9.77,7.38,0.96,0,0,0,0,0,0
0,0,0,0,0,0,0.02,8.029999999999999,10.44,21.17,22.01,28.18,26.47,22.88,21.74,24.05,15.82,5.51,0,0,0,0,0,0
0,0,0,0,0,0,0.05,9.31,21.19,20.03,26.01,26.3,27.46,27.94,26.61,22.83,18.22,6.32,0,0,0,0,0,0
0,0,0,0,0,0,0.06,8.539999999999999,21.88,20.3,27.6,27.47,21.91,25.67,21.35,24.17,18.57,5.07,0,0,0,0,0,0
0,0,0,0,0,0,0.06,7.89,16.78,25.31,24.51,22.85,22.65,27.75,25.93,24.85,18.17,6.78,0,0,0,0,0,0
0,0,0,0,0,0,0.07000000000000001,8.26,18.64,24.62,21.34,22.8,22.28,26.55,21.55,21.82,17.36,6.25,0,0,0,0,0,0
0,0,0,0,0,0,0.09,9.33,17.33,22.23,21.17,21.84,22.42,23.82,26.27,25.36,18.42,6.14,0,0,0,0,0,0
0,0,0,0,0,0,0.09,8.550000000000001,17.1,23.2,27.87,26.06,28.21,25.92,21.83,22.29,18.73,6.08,0,0,0,0,0,0
0,0,0,0,0,0,0.1,8.94,22.69,23.39,18.84,17.22,23.1,25.09,22.71,18.49,15.01,2.84,0,0,0,0,0,0
0,0,0,0,0,0,0.05,7.79,16.41,21.92,23.94,22.67,24.75,26.65,26.03,19.98,19.17,6.07,0,0,0,0,0,0
0,0,0,0,0,0,0.09,9.59,19.07,22.17,22.84,26.95,22.65,23.07,15.81,17.08,17.3,5.85,0,0,0,0,0,0
0,0,0,0,0,0,0.1,10,17.23,18.99,24.82,21.86,27.14,21.12,20.81,21.77,16.71,5.85,0,0,0,0,0,0
0,0,0,0,0,0,0.08,6.17,7.3,17.29,22.37,29.26,23.76,23.62,21.11,22.15,19.94,5.44,0,0,0,0,0,0
0,0,0,0,0,0,0.11,9.380000000000001,17.29,21.68,20.64,15.83,20.65,24.13,24.17,20.27,10.99,0.95,0,0,0,0,0,0
0,0,0,0,0,0,0.1,10.43,22.19,23.29,21.18,23.02,26.92,25.3,21.72,20.52,14.81,4.06,0,0,0,0,0,0
0,0,0,0,0,0,0.09,9.09,16.91,18.33,18.4,20.3,18.96,18.27,19.18,15.85,9.960000000000001,3.05,0,0,0,0,0,0
0,0,0,0,0,0,0.16,9.4,20.89,20.35,25.95,22.28,23.96,26.96,25.62,20.11,16.45,5.19,0,0,0,0,0,0
0,0,0,0,0,0,0.16,8.619999999999999,18.85,20.26,19.84,26.49,22.9,22.73,24.11,25.16,19.4,5.74,0,0,0,0,0,0
0,0,0,0,0,0,0.19,9.18,11.55,18.73,23,25.5,24.12,27.23,26.63,25.73,15.64,5.89,0,0,0,0,0,0
0,0,0,0,0,0,0.2,9.529999999999999,15.55,23.59,26.35,28.03,24.51,28.74,23.6,21.66,17.28,5.92,0,0,0,0,0,0
0,0,0,0,0,0,0.19,12.28,19.52,24.14,24.32,20.98,27.63,27.8,22.4,20.85,16.8,6.25,0,0,0,0,0,0
0,0,0,0,0,0,0.19,11.8,18.86,25.23,21.91,23.64,24.21,22.35,23.07,19.46,11.78,2.91,0,0,0,0,0,0
0,0,0,0,0,0,0.2,9.98,18.72,20.67,24.81,24.75,20.8,21.99,25.25,24.56,15.81,5.92,0,0,0,0,0,0
0,0,0,0,0,0,0.1,6.89,11.33,16.35,15.51,16.83,20.46,22.77,20.91,16.8,12.03,2.53,0,0,0,0,0,0
0,0,0,0,0,0,0.14,5.32,7.93,13.67,20.25,22.53,21.07,24.53,22.63,21.23,15.07,5.54,0,0,0,0,0,0
0,0,0,0,0,0,0.41,13.19,21.11,25.29,24.41,21.35,24.27,21.76,23.48,23.26,15.72,3.03,0,0,0,0,0,0
0,0,0,0,0,0,0.43,12.29,18.9,26.04,26.36,24.47,26.27,25.07,22.13,23.64,19.9,5.1,0,0,0,0,0,0
0,0,0,0,0,0,0.51,12.4,17.12,19.22,19.78,18.5,27.07,24.08,22.48,25.29,17.87,6.55,0,0,0,0,0,0
0,0,0,0,0,0,0.33,9.99,13.34,15.96,21.32,19.31,26.22,26.79,21.27,25.45,18.18,6.36,0,0,0,0,0,0
0,0,0,0,0,0,0.49,8.41,8.23,17.98,24.22,23.66,28,25.81,23.11,21.29,19.2,5.97,0,0,0,0,0,0
0,0,0,0,0,0,1.06,13.99,21.45,25.61,26.53,25.54,21.51,21.75,25.93,23.86,20.26,6.86,0,0,0,0,0,0
0,0,0,0,0,0,0.37,10.45,16.22,22.78,22.53,21.5,27.74,24.3,22.85,25.92,18.73,6.07,0,0,0,0,0,0
0,0,0,0,0,0,0.78,12.19,13.97,17.24,21.17,25.31,22.47,22.16,25.47,24.25,15.83,5.76,0,0,0,0,0,0
0,0,0,0,0,0,0.6899999999999999,10.65,21.56,22.8,21.59,19.51,22.16,22.86,22.7,19.99,19.33,5.49,0,0,0,0,0,0
0,0,0,0,0,0,1.27,13.81,20.35,20.24,21.54,24.86,22.31,21.39,25.63,22.8,15.15,4.94,0,0,0,0,0,0
0,0,0,0,0,0,1.98,11.37,18.14,19.03,20.62,24.03,24.65,25.47,23.52,21.75,18.62,5.76,0,0,0,0,0,0
0,0,0,0,0,0,1.65,11.52,19.62,19.35,20.16,24.16,21.88,26.98,24.82,20.58,15.17,5.49,0,0,0,0,0,0
0,0,0,0,0,0,0.62,9.99,11.87,15.96,17.67,19.58,19.63,18.2,14.33,9.44,6.67,1.13,0,0,0,0,0,0
0,0,0,0,0,0,1.65,11.74,11.07,21.33,23.67,27.82,24,27.29,25.37,23.2,18.02,5.48,0,0,0,0,0,0
0,0,0,0,0,0,1.96,13.55,15.21,23.87,21.67,20.07,21.74,18.97,17.15,18.77,17.35,6.75,0,0,0,0,0,0
0,0,0,0,0,0,0.73,9.83,17.92,22.92,24.18,25.74,24,25.42,23.7,16.61,9.210000000000001,2.43,0,0,0,0,0,0
0,0,0,0,0,0,1.92,11.38,16.8,21.45,22.48,24.77,25.06,25.04,20.21,21.84,17.13,6.26,0,0,0,0,0,0
0,0,0,0,0,0,2.37,12.2,18.21,22.15,24.55,23.93,25.79,23.37,22.24,24.14,14.88,5.44,0,0,0,0,0,0
0,0,0,0,0,0,2.31,11.66,19.91,20.27,26.55,21.38,25.42,22.31,21.38,23.78,16.17,6.35,0,0,0,0,0,0
0,0,0,0,0,0,2.85,15.13,23.66,22.17,26.33,21.48,21.91,23.26,20.92,20.83,18.42,5.97,0,0,0,0,0,0
0,0,0,0,0,0,1.59,7.7,10.3,17.94,23.04,22.41,27.65,26.4,22.21,23.58,15.42,7.42,0,0,0,0,0,0
0,0,0,0,0,0,0.95,8.109999999999999,14.47,18.62,25.27,23.83,26.97,26.24,24.94,18.88,16.18,5.24,0,0,0,0,0,0
0,0,0,0,0,0,2.2,12.4,17.43,18.12,24.41,23.36,21.88,24.77,22.67,20.08,17.08,6.23,0,0,0,0,0,0
0,0,0,0,0,0,2.26,13.65,18.64,23.2,24.48,25.08,21.6,27.65,26.86,24.84,16.29,5.25,0,0,0,0,0,0
0,0,0,0,0,0,2.6,11.81,18.44,24.92,25.57,22.13,26.96,25.47,25.3,21.46,17.84,5.24,0,0,0,0,0,0
0,0,0,0,0,0,2.52,14.22,18.9,21.26,24.15,22.45,22.54,21.81,25.17,19.59,16.57,5.48,0,0,0,0,0,0
0,0,0,0,0,0,2.43,11.96,20.21,25.93,23.67,21.93,24.69,27.37,22.56,24.44,19.36,5.22,0,0,0,0,0,0
0,0,0,0,0,0,3.06,14.67,19.05,24.15,27.61,21.45,26.1,20.37,19.99,20.26,18.02,5.97,0,0,0,0,0,0
0,0,0,0,0,0,0.57,8.42,11.91,19.15,22.42,24.39,25.42,20.34,24.41,19.41,13.11,3.85,0,0,0,0,0,0
0,0,0,0,0,0,2.57,15.48,24.12,26.57,28.04,22.26,22.4,24.67,27.75,23.64,15.04,2.51,0,0,0,0,0,0
0,0,0,0,0,0,3.75,13.97,20.61,20.57,26.89,27.25,21.73,25.79,21.73,23.4,15.74,5.45,0,0,0,0,0,0
0,0,0,0,0,0,4.18,15.2,19.87,23.49,24.11,24.09,24.91,21.97,23.5,19.47,18.64,6.58,0,0,0,0,0,0
0,0,0,0,0,0,3.67,11.83,17.14,22.52,23.99,27.97,21.56,21.11,24.56,20.98,17.31,5.31,0,0,0,0,0,0
0,0,0,0,0,0,2.44,13,21.24,22.26,20.6,21.67,22.96,22.79,17.58,13.93,6.23,1.13,0,0,0,0,0,0
0,0,0,0,0,0,1.06,8.710000000000001,11.74,16.48,20.73,23.2,24.72,22.33,23.82,22.98,17.78,5.19,0,0,0,0,0,0
0,0,0,0,0,0,2.8,14.21,18.07,23.73,24.48,25.6,25.75,21.45,22.64,24.18,18.82,6.79,0,0,0,0,0,0
0,0,0,0,0,0,3.3,13.68,18.35,23.57,25.4,21.41,22.78,26.61,22.57,21.02,16.35,6.54,0,0,0,0,0,0
0,0,0,0,0,0,2.92,13.03,19.78,24.15,26.86,22.42,21.49,22.79,24.62,23.65,15.93,5.78,0,0,0,0,0,0
0,0,0,0,0,0,3.3,13.54,22.2,23.33,24.74,23.92,25.17,20.59,24.5,24.32,15.02,5.46,0,0,0,0,0,0
0,0,0,0,0,0,4.06,15.16,20.84,24.84,21.25,24.38,23.81,24.32,22.81,23,15.91,5,0,0,0,0,0,0
0,0,0,0,0,0,4.23,13.44,17.83,18.51,23.29,24.5,26.09,24.05,22.99,22.33,18.79,5.21,0,0,0,0,0,0
0,0,0,0,0,0,2.8,9.98,9.23,16.7,19.26,19.08,20.07,20.09,21.64,22.44,15.23,5.11,0,0,0,0,0,0
0,0,0,0,0,0,4.18,13.64,22.67,23.54,21.31,22.35,18.69,22.51,16.51,13.03,7.13,1.05,0,0,0,0,0,0
0,0,0,0,0,0,2.7,13.89,14.36,20.2,18.31,22.46,19.04,20.41,19.76,16.81,13.56,4.25,0,0,0,0,0,0
0,0,0,0,0,0,2.61,9.74,12.39,15.7,20.05,21.53,18.77,20.49,15.12,11.87,11.17,3.5,0,0,0,0,0,0
0,0,0,0,0,0,0.59,2.78,5.14,9.98,12.89,15.2,17.25,14.04,12.01,9.34,6.43,1.07,0,0,0,0,0,0
0,0,0,0,0,0,0.9,6.93,8.609999999999999,15.37,15.34,20.67,18.15,18.61,14.58,9.81,5.54,1.24,0,0,0,0,0,0
0,0,0,0,0,0,0.71,6.41,8.220000000000001,12.41,18.53,21.97,18.25,18.94,17.54,12.27,7.75,1.08,0,0,0,0,0,0
0,0,0,0,0,0,0.39,4.9,8.949999999999999,12.52,13.9,15.51,17.22,15.16,17.2,11.66,6.11,1.17,0,0,0,0,0,0
0,0,0,0,0,0,4.06,9.77,8.220000000000001,10.39,14.89,17.09,17.97,17.23,17.83,11.4,6.75,1.15,0,0,0,0,0,0
0,0,0,0,0,0,1.01,6.62,8.69,18.01,21.7,21.42,20.4,20.68,24.55,20.14,11.9,3.39,0,0,0,0,0,0
0,0,0,0,0,0,3.35,12.2,18.8,20.75,23.68,21.41,22.73,20.98,19.71,17.11,9.1,1.19,0,0,0,0,0,0
0,0,0,0,0,0,0.76,6.03,8.380000000000001,11.98,15.21,14.94,16.48,14.48,14.08,8.92,4.07,0.51,0,0,0,0,0,0
0,0,0,0,0,0,4.23,14.89,19.97,21.93,24.32,25.8,25.19,21.69,24.91,15.96,13.52,3.73,0,0,0,0,0,0
0,0,0,0,0,0,0.57,5.99,8.34,13.95,17.73,19.8,19.08,15.95,15.65,9.470000000000001,5.84,1.07,0,0,0,0,0,0
0,0,0,0,0,0,2.84,11.98,21.2,24.82,24.55,26.13,21.32,24.16,24.22,19.67,16.62,6.21,0,0,0,0,0,0
0,0,0,0,0,0,2.43,11.39,11.04,12.55,14.36,15.66,17.88,18.77,17.02,13.83,6.55,1.08,0,0,0,0,0,0
0,0,0,0,0,0,2.52,9.56,12.87,16.08,20.85,18.68,20.12,16.75,16.3,13.58,10.4,2.21,0,0,0,0,0,0
0,0,0,0,0,0,0.24,2.33,4.46,6.88,10.53,10.73,11.66,10.48,8.07,5.84,2.34,0.49,0,0,0,0,0,0
0,0,0,0,0,0,2.02,11.2,13.79,17.68,17.28,17.03,22.24,20.1,18.19,14.24,11.81,3.48,0,0,0,0,0,0
0,0,0,0,0,0,2.15,12.89,16.62,20.3,24.57,25.06,23.45,24.91,24.78,21.78,17.9,5.07,0,0,0,0,0,0
0,0,0,0,0,0,2.96,11.29,17.14,21.36,18.44,23.48,23.61,17.11,19.8,13.97,9.92,2.47,0,0,0,0,0,0
0,0,0,0,0,0,2.72,14.08,18.57,21.36,21.9,16.61,20.49,19.93,22.34,13.14,7.24,0.58,0,0,0,0,0,0
0,0,0,0,0,0,0.54,5.34,8.359999999999999,13.51,14.71,18.57,18.2,14.91,13.35,13.92,10.67,5.79,0,0,0,0,0,0
0,0,0,0,0,0,2.42,12.88,20.34,23.28,20.78,24.13,26.15,20.46,19.27,20.2,11.39,3.93,0,0,0,0,0,0
0,0,0,0,0,0,2.65,12.08,20.86,24.17,21.99,21.34,25.13,23.78,21.94,20.51,11.34,3.37,0,0,0,0,0,0
0,0,0,0,0,0,2.68,11.22,17.54,23.3,25.87,27.82,19.96,21.7,17.72,13.56,8.390000000000001,2.74,0,0,0,0,0,0
0,0,0,0,0,0,0.45,5.23,7.6,10.82,9.48,9.67,9.470000000000001,9.25,7.63,5.68,3.02,0.62,0,0,0,0,0,0
0,0,0,0,0,0,3.22,7.35,5.14,7.68,8.4,10.11,10.35,13.67,14.38,10.76,5.96,1.24,0,0,0,0,0,0
0,0,0,0,0,0,0.62,3.87,4.23,8.73,13.19,14.71,15.37,14.8,11.72,8.76,6.31,1.13,0,0,0,0,0,0
0,0,0,0,0,0,1,8.460000000000001,13.09,16.77,18.39,20.69,17.78,17.1,15.56,11.64,9.390000000000001,2.66,0,0,0,0,0,0
0,0,0,0,0,0,0.7,9.06,13.08,14.11,18.82,18.89,19.49,16.01,15.99,13.58,8.619999999999999,3.38,0,0,0,0,0,0
0,0,0,0,0,0,2.82,10.66,13.9,17.76,20.66,19.19,17.27,17.74,18.97,14.42,8.789999999999999,3.22,0,0,0,0,0,0
0,0,0,0,0,0,3.44,11.24,13.79,21.18,22.04,18.52,21.51,18.32,19.33,16.87,9.58,4.69,0,0,0,0,0,0
0,0,0,0,0,0,2.25,13.66,20.79,22.14,26.03,21.35,27.77,22.94,18.79,19.93,10.13,5.14,0,0,0,0,0,0
0,0,0,0,0,0,2.29,11.89,19.69,21.14,17.79,18.51,19.89,20.01,13.88,14.06,7.64,1.49,0,0,0,0,0,0
0,0,0,0,0,0,2.08,8.16,10.67,16.64,23.6,25.94,23.39,18.03,7.25,8.800000000000001,7.57,3.39,0,0,0,0,0,0
0,0,0,0,0,0,2.22,11.18,15.2,19.69,21.69,16.45,17.6,19.73,18.31,17.03,14.05,5.76,0,0,0,0,0,0
0,0,0,0,0,0,0.9399999999999999,10.62,19.63,24.41,20.35,25.4,23.09,23.05,15.28,13.09,10.05,3.37,0,0,0,0,0,0
0,0,0,0,0,0,0.7,8.27,14.31,16.5,15.48,21.16,23.45,25.2,26.61,18.12,12.9,4.22,0,0,0,0,0,0
0,0,0,0,0,0,2.23,11.82,15.76,19.41,19.24,17.85,17.09,16.27,12.85,11.5,8.970000000000001,3.09,0,0,0,0,0,0
0,0,0,0,0,0,2.24,10.66,17.49,22.46,22.75,24.1,23.96,22.67,20.55,23.76,14.82,6.12,0,0,0,0,0,0
0,0,0,0,0,0,3.32,13.03,18.45,22.67,25.63,22.99,23.67,24.03,24.72,22.47,17.71,5.55,0,0,0,0,0,0
0,0,0,0,0,0,2.16,9.949999999999999,17.53,15.9,16.37,18.23,19.12,15.8,11.53,9.33,7.09,1.26,0,0,0,0,0,0
0,0,0,0,0,0,1.81,11.74,14.35,19.57,19.87,19.8,20.16,21.88,22.5,14.98,10.43,3.38,0,0,0,0,0,0
0,0,0,0,0,0,0.33,4.27,9.779999999999999,11.99,12.21,13.61,14.34,16.26,19.91,14.76,10.9,6.85,0,0,0,0,0,0
0,0,0,0,0,0,2.21,14.94,19.08,23.83,23.55,20.57,22.4,25.39,25.19,21.25,11.55,4.2,0,0,0,0,0,0
0,0,0,0,0,0,0.32,4.61,10.13,12.35,14.81,13.69,16.35,17.05,19.17,17.98,10.3,5.37,0,0,0,0,0,0
0,0,0,0,0,0,0.3,3.01,4.35,7.19,8.91,8.83,9.619999999999999,9.359999999999999,7.25,4.98,3.42,0.89,0,0,0,0,0,0
0,0,0,0,0,0,0.24,2.06,4.73,7.91,13.85,14.15,15.68,10.29,6.76,5.91,3.23,0.74,0,0,0,0,0,0
0,0,0,0,0,0,0.74,4.33,4.57,6.52,9.01,8.59,9.41,9.44,7.84,5.73,3.44,0.89,0,0,0,0,0,0
0,0,0,0,0,0,0.18,2.34,4.71,9.76,13.09,14.6,11.98,12.96,7.4,6.27,2.79,0.74,0,0,0,0,0,0
0,0,0,0,0,0,0.17,2.06,5.03,6.25,8.07,11.79,9.220000000000001,9.789999999999999,8.029999999999999,4.89,3.46,0.93,0,0,0,0,0,0
0,0,0,0,0,0,0.19,1.87,4.11,6.06,10.25,9.67,9.359999999999999,10.5,7.13,5.96,3.09,0.78,0,0,0,0,0,0
0,0,0,0,0,0,0.35,6.78,14.18,12.68,14.95,15.93,16.7,13.13,7.6,6.9,3.8,0.74,0,0,0,0,0,0
0,0,0,0,0,0,0.37,5.52,9.640000000000001,15.44,16.6,19.85,16.95,17.04,18.46,18.05,14.86,8.449999999999999,0,0,0,0,0,0
0,0,0,0,0,0,0.44,6.42,9.16,11.89,15.4,14.05,15.43,13.48,12.95,9.43,7.08,1.94,0,0,0,0,0,0
0,0,0,0,0,0,0.46,7.87,12.58,18.12,19.18,21.83,21.06,26.87,23.38,18.82,18.21,6.53,0,0,0,0,0,0
0,0,0,0,0,0,2.12,11.47,16.75,21.03,20.47,25.58,22.44,21.52,21.47,21.06,14.41,3.91,0,0,0,0,0,0
0,0,0,0,0,0,0.44,5.94,9.67,10.37,14.71,16.97,13.8,10.97,6.97,8.18,5.25,1.92,0,0,0,0,0,0
0,0,0,0,0,0,0.21,3.58,7.94,10,9.949999999999999,9.31,14.58,16.18,19.36,11.44,5.31,0.87,0,0,0,0,0,0
0,0,0,0,0,0,0.26,2.5,4.35,6.43,8.75,10.01,13.2,12.36,15.02,11.45,8.050000000000001,4.36,0,0,0,0,0,0
0,0,0,0,0,0,0.61,6.94,14.1,16.63,16.07,18.36,15.33,16.54,13.68,9.68,7.54,1.77,0,0,0,0,0,0
0,0,0,0,0,0,0.59,12.49,20.67,23.95,21.34,21.52,21.71,24.5,18.38,16.29,15.93,5.74,0,0,0,0,0,0
0,0,0,0,0,0,2.14,12.85,22.99,25.5,25.52,23.21,23.76,20.52,16.26,12.81,9.66,3.8,0,0,0,0,0,0
0,0,0,0,0,0,0.35,6.4,12.59,12.49,17.9,15.64,19.08,15.51,14.61,14.61,12.18,5.81,0,0,0,0,0,0
0,0,0,0,0,0,0.6,5.94,8.57,15.74,19.94,18.97,21.38,23.54,22.47,18.05,9.369999999999999,2.05,0,0,0,0,0,0
0,0,0,0,0,0,1.66,13.08,20.35,21.98,22.42,21.4,25.32,21.88,22.79,17.89,10.87,4.02,0,0,0,0,0,0
0,0,0,0,0,0,1.8,13.22,16.14,21.68,21.74,19.69,20.48,16.37,15.3,10.89,7.39,1.65,0,0,0,0,0,0
0,0,0,0,0,0,0.52,10.9,16.04,19.53,19.93,21.48,17.89,17.33,18.63,12.04,9.44,3.39,0,0,0,0,0,0
0,0,0,0,0,0,0.43,9.039999999999999,17.81,19.14,16.87,21.55,17.22,17.47,11.52,8.74,4.72,0.6899999999999999,0,0,0,0,0,0
0,0,0,0,0,0,0.17,2.75,9.470000000000001,11.59,15.06,13.33,14.8,15.89,14.32,10.44,7.12,1.55,0,0,0,0,0,0
0,0,0,0,0,0,0.2,5.88,10.9,16.52,16.69,21.24,14.78,13.13,8.17,10.35,8.630000000000001,3.19,0,0,0,0,0,0
0,0,0,0,0,0,0.22,6,10.81,12.23,16.74,16.89,18.4,20.16,18.79,13.99,5.81,0.78,0,0,0,0,0,0
0,0,0,0,0,0,0.61,9.23,17.61,19.74,19.74,23.67,17.67,18.1,13.27,11.85,7.72,3.57,0,0,0,0,0,0
0,0,0,0,0,0,0.72,11.69,20.16,21.8,21.98,19.4,19.26,22.47,20.91,17.02,10.91,3.42,0,0,0,0,0,0
0,0,0,0,0,0,0.16,2.46,4.66,7.37,9.33,9.789999999999999,14.48,15.81,16.73,13.06,10.85,2.93,0,0,0,0,0,0
0,0,0,0,0,0,0.42,9.34,14.66,16.95,17.36,18.3,21.06,18.52,19.86,15.07,9.640000000000001,3.3,0,0,0,0,0,0
0,0,0,0,0,0,0.62,11.66,17.54,19.81,25.76,27.22,20.94,20.85,18.76,13.67,5.17,0.66,0,0,0,0,0,0
0,0,0,0,0,0,0.34,8.94,16.67,17.79,21.57,20.79,16.64,16.3,18.65,14.21,8.1,1.38,0,0,0,0,0,0
0,0,0,0,0,0,0.22,6.67,13.87,12.05,14.24,11.01,11.03,9.140000000000001,7.93,5.28,2.7,0.73,0,0,0,0,0,0
0,0,0,0,0,0,0.08,1.92,4.5,8.17,12.65,14.02,18.79,17.23,19.21,16.17,13.97,6.91,0,0,0,0,0,0
0,0,0,0,0,0,0.36,9.16,17,18.4,23.28,23.98,18.88,19.19,21.56,15.12,12.13,3.47,0,0,0,0,0,0
0,0,0,0,0,0,0.14,4.87,11.9,20.45,19.83,25.5,20.94,25.03,20.84,15.7,8.59,1.46,0,0,0,0,0,0
0,0,0,0,0,0,0.07000000000000001,1.78,4.3,9.029999999999999,13.65,19.02,21.79,19.79,19.36,14.06,10.75,2.78,0,0,0,0,0,0
0,0,0,0,0,0,0.23,2.88,3.88,6.19,8.81,10.59,9.76,9.5,8.300000000000001,6.24,3.28,0.55,0,0,0,0,0,0
0,0,0,0,0,0,0.06,1.55,4.16,9.460000000000001,17.95,20.39,20.27,20.06,15.9,12.16,8.58,3.53,0,0,0,0,0,0
0,0,0,0,0,0,0.16,4.52,12.28,15.8,16.05,18.06,18.97,20.26,16.02,13.7,9.369999999999999,3.27,0,0,0,0,0,0
0,0,0,0,0,0,0.21,6.28,12.78,14.53,13.04,9.51,11.39,10.72,9.050000000000001,5.6,3.14,0.68,0,0,0,0,0,0
0,0,0,0,0,0,0.1,2.85,7.48,11.62,16.22,16.43,15.24,11.48,6.83,9.380000000000001,7.74,2.97,0,0,0,0,0,0
0,0,0,0,0,0,0.09,2.91,10.01,8.029999999999999,10.38,10.46,9.43,8.550000000000001,9.07,7.84,4.3,1.36,0,0,0,0,0,0
0,0,0,0,0,0,0.23,3.94,3.93,9.869999999999999,13.85,16.93,18.52,19.37,16.29,14.66,10.16,3.01,0,0,0,0,0,0
0,0,0,0,0,0,0.23,8.56,14.63,17.51,21.27,23.29,21.02,24.68,24.36,19.5,8.43,1.37,0,0,0,0,0,0
0,0,0,0,0,0,0.05,1.6,4.6,7.3,9.34,11.07,11.67,13.38,15.43,10.98,7.25,1.12,0,0,0,0,0,0
0,0,0,0,0,0,0.54,11.57,17.06,22.77,23.64,26.51,22.77,22.85,18.2,15.27,11.58,2.99,0,0,0,0,0,0
0,0,0,0,0,0,0.11,5.36,11.53,19.11,17.74,20.35,21.37,18.55,20.17,17.27,12.68,4.91,0,0,0,0,0,0
0,0,0,0,0,0,0.58,10.73,19.62,25.21,24.75,25.19,20.98,24.5,14.86,13.98,10.38,2.69,0,0,0,0,0,0
0,0,0,0,0,0,0.37,10.25,17.16,18.74,19.58,21.61,20.73,21.06,17.24,12.76,9.26,2.24,0,0,0,0,0,0
0,0,0,0,0,0,0.05,1.59,3.87,10.93,15.3,15.08,20.98,21.33,23.24,13.25,9.16,0.98,0,0,0,0,0,0
0,0,0,0,0,0,0.33,9.68,13.83,17.74,17.01,16.48,23.94,22.41,25.01,18.56,7.39,0.46,0,0,0,0,0,0
0,0,0,0,0,0,0.05,1.96,4.03,6.72,10.53,11.49,10.78,9.08,8.69,5.58,2.79,0.45,0,0,0,0,0,0
0,0,0,0,0,0,0.39,5.99,4.25,6.23,10.09,11.7,9.949999999999999,12.37,12.19,6.99,5.35,1.01,0,0,0,0,0,0
0,0,0,0,0,0,0.06,1.72,4.7,8.07,8.32,10.19,14.32,15.6,15.01,16.39,9.43,3.27,0,0,0,0,0,0
0,0,0,0,0,0,0.32,12.61,21.4,20.62,27.61,24.94,22.95,25.16,19.34,14.43,9.720000000000001,1.83,0,0,0,0,0,0
0,0,0,0,0,0,0.18,6.56,12.7,13.49,20.05,18.33,20.55,16.82,13.34,11.2,8.44,2.71,0,0,0,0,0,0
0,0,0,0,0,0,0.16,7.37,16.51,20.07,25.09,22.28,21.5,24.81,21.3,17,10.14,1.58,0,0,0,0,0,0
0,0,0,0,0,0,0.51,10.38,19.6,20.15,18.3,19.73,21.73,18.79,17.56,15.3,8.029999999999999,1.58,0,0,0,0,0,0
0,0,0,0,0,0,0.24,6.95,14.32,12.94,13.92,20.31,20.31,17.32,14.75,11.25,6.44,0.9,0,0,0,0,0,0
0,0,0,0,0,0,0.53,11.49,17.21,21.89,21.95,19.17,24.44,18.51,17.48,13.22,7.64,0.98,0,0,0,0,0,0
0,0,0,0,0,0,1.44,14.96,21.6,26.43,23.24,16.43,17.46,16.1,12.14,9.5,5.61,0.96,0,0,0,0,0,0
0,0,0,0,0,0,0.29,6.11,7.92,14,17.15,22.25,20.95,17.44,13.47,8.109999999999999,3.66,0.35,0,0,0,0,0,0
0,0,0,0,0,0,0.27,6.2,9.25,12.36,19.75,22.24,17.83,18.41,16.05,16.42,11.41,3.08,0,0,0,0,0,0
0,0,0,0,0,0,0.54,14.24,23.16,23.86,23.19,23.92,23.35,20.95,18.89,16.21,16.69,5.37,0,0,0,0,0,0
0,0,0,0,0,0,0.19,5.39,7.83,12.9,17.43,17.03,18.97,20.7,18.64,16.33,11.26,2.17,0,0,0,0,0,0
0,0,0,0,0,0,0.28,5.61,7.73,15.79,20.41,20.16,20.4,23.29,22.87,14.62,7.74,0.8,0,0,0,0,0,0
0,0,0,0,0,0,1.51,12.6,16.35,22.58,22.41,18.06,18.79,16.43,12.84,9.890000000000001,6.44,1.26,0,0,0,0,0,0
0,0,0,0,0,0,0.15,3.69,9.57,11.57,11.78,10.4,10.08,8.73,8.32,5.9,2.32,0.34,0,0,0,0,0,0
0,0,0,0,0,0,0.14,3.5,10.09,12.77,15.1,16.03,14.57,18.21,16.04,13.72,7.42,0.5600000000000001,0,0,0,0,0,0
0,0,0,0,0,0,0.22,4.82,7.75,15.26,19.33,20.72,23.72,26.04,21.77,23.13,14.9,3.94,0,0,0,0,0,0
0,0,0,0,0,0,0.26,8.699999999999999,17.97,19.21,20.79,24.85,23.17,21.5,17.5,19.95,16.55,3.51,0,0,0,0,0,0
0,0,0,0,0,0,0.6899999999999999,15.06,18.08,24.41,21.1,23.59,26.09,21.68,23.74,18.12,11.79,2.65,0,0,0,0,0,0
0,0,0,0,0,0,0.55,10.75,19.91,21.61,22.47,24.76,22.71,18.12,17.26,11.67,6.01,0.57,0,0,0,0,0,0
0,0,0,0,0,0,0.5,9.800000000000001,12.55,18.54,17.02,18.79,16.79,15.45,14.99,9.800000000000001,5.98,0.42,0,0,0,0,0,0
0,0,0,0,0,0,0.07000000000000001,2.19,5.17,6.57,9.279999999999999,10.36,10.32,9.5,6.56,5.03,2.13,0.2,0,0,0,0,0,0
0,0,0,0,0,0,0.27,5.93,8.26,12.31,15.42,13.93,21.03,19.71,23.51,16.28,10.46,0.72,0,0,0,0,0,0
0,0,0,0,0,0,0.75,13.67,19.38,21.52,24.75,25.1,22.26,24.28,19.25,17.61,11.82,1.51,0,0,0,0,0,0
0,0,0,0,0,0,0.29,8.85,15.14,17.44,23.48,22.99,19.71,19.67,24.28,18.02,10.67,0.68,0,0,0,0,0,0
0,0,0,0,0,0,0.19,2.28,5.45,6.54,9.470000000000001,9.140000000000001,9.220000000000001,10.27,6.41,5.6,3.73,0.34,0,0,0,0,0,0
0,0,0,0,0,0,0.24,3.42,4.51,7.04,9.99,11.79,11.83,14.17,12.92,9.34,5.36,0.28,0,0,0,0,0,0
0,0,0,0,0,0,0.58,14.26,17.85,24.34,24.63,23.3,24.01,25.8,19.39,15.81,8.66,0.5,0,0,0,0,0,0
0,0,0,0,0,0,0.42,10.8,14.25,19.44,22.47,20.99,22.57,21.01,18.21,17.27,10.64,0.71,0,0,0,0,0,0
0,0,0,0,0,0,0.39,10,14.42,15.42,15.1,14.95,14.54,16.75,15.07,11.98,8.15,0.42,0,0,0,0,0,0
0,0,0,0,0,0,0.13,4.35,9.31,11.46,16.59,16.21,17.92,17.22,15.1,14.03,13.75,1.27,0,0,0,0,0,0
0,0,0,0,0,0,0.64,12.04,21.39,20.37,22.18,21.13,21.16,16.25,14.64,10.45,3.95,0.09,0,0,0,0,0,0
0,0,0,0,0,0,0.37,9.98,13.09,16.18,19.52,20.81,24.33,16.03,11,9.06,5.47,0.26,0,0,0,0,0,0
0,0,0,0,0,0,1.36,11.84,21.08,20.03,26.22,27.07,21.8,17.4,12.52,8.44,6.32,0.28,0,0,0,0,0,0
0,0,0,0,0,0,0.57,12.47,20.08,24.65,24.01,26.62,23.41,21.29,22.5,18.41,12.66,0.6899999999999999,0,0,0,0,0,0
0,0,0,0,0,0,0.22,5.61,10.41,12.04,14.81,15.59,15.85,22.08,17.71,14.36,5.89,0.14,0,0,0,0,0,0
0,0,0,0,0,0,0.23,7.01,13.56,17.9,19.28,19.34,18.77,16.87,11.45,7.15,2.31,0.04,0,0,0,0,0,0
0,0,0,0,0,0,0.23,5.32,9.300000000000001,11.13,12.93,16.23,16.75,16.35,16.34,10.02,6.19,0.12,0,0,0,0,0,0
0,0,0,0,0,0,0.61,10.36,10.35,14.74,17.21,18.93,15.56,15.28,13.13,8.449999999999999,4.02,0.1,0,0,0,0,0,0
0,0,0,0,0,0,0.55,9.41,12.17,17.19,16.58,20.75,22.6,20.65,24.55,18.74,10.75,0.27,0,0,0,0,0,0
0,0,0,0,0,0,0.45,13.01,21.41,22.78,20.66,21.01,19.69,23.06,17.81,15.59,9.369999999999999,0.16,0,0,0,0,0,0
0,0,0,0,0,0,0.76,13.98,21.01,25.67,25.46,20.3,23.66,24.94,23.23,22.36,12.48,0.28,0,0,0,0,0,0
0,0,0,0,0,0,0.6899999999999999,12.54,18.56,21.09,20.28,21.5,17.96,21.37,17.66,15.92,9.34,0.17,0,0,0,0,0,0
0,0,0,0,0,0,0.36,6.52,8.1,12.62,19.2,21.21,18.53,18.34,23.08,15.05,9.17,0.1,0,0,0,0,0,0
0,0,0,0,0,0,0.49,11.92,19.79,21.06,22.05,26.79,22.11,21.25,17.41,19.74,11.36,0.16,0,0,0,0,0,0
0,0,0,0,0,0,0.34,9.82,13.96,19.62,22.03,24.86,27.88,23.99,21.1,19.79,12.08,0.17,0,0,0,0,0,0
0,0,0,0,0,0,0.98,14.37,18.09,23.58,24.4,21.82,26.57,25.5,16.87,18.36,10.42,0.13,0,0,0,0,0,0
0,0,0,0,0,0,1.19,10.73,19.88,24.78,24.96,26.26,26.69,19.72,17.28,16.45,7.78,0.07000000000000001,0,0,0,0,0,0
0,0,0,0,0,0,0.23,6.7,13.3,16.98,22.82,25.24,23.94,20.13,14.28,10.7,3.98,0.02,0,0,0,0,0,0
0,0,0,0,0,0,0.45,9.91,13.75,15.03,20.41,23.97,24.35,21.71,16.79,9.93,4.58,0.02,0,0,0,0,0,0
0,0,0,0,0,0,0.48,12.9,16.14,20.45,16.86,13.83,14.83,8.82,5.93,4.23,1.38,0,0,0,0,0,0,0
0,0,0,0,0,0,0.34,9.630000000000001,14,20.74,18.58,17.91,18.88,17.48,12.94,13.22,6.94,0.05,0,0,0,0,0,0
0,0,0,0,0,0,0.11,3.59,8.02,10.98,17.38,16.96,15.42,15.16,16.08,12.64,7,0.04,0,0,0,0,0,0
0,0,0,0,0,0,0.62,10.32,16.04,21.14,25.46,25.37,26.84,26.13,23.07,15.18,7.75,0.04,0,0,0,0,0,0
0,0,0,0,0,0,0.25,5,8.16,9.300000000000001,9.220000000000001,10.74,10.3,9.99,9.550000000000001,6.38,2.29,0,0,0,0,0,0,0
0,0,0,0,0,0,0.3,5.88,4.63,7.41,8.18,8.640000000000001,9.279999999999999,9.48,5.95,4.52,1.98,0,0,0,0,0,0,0
0,0,0,0,0,0,0.22,9.789999999999999,17.47,20.32,19.1,24.24,20.39,15.95,11.38,8.550000000000001,3.36,0,0,0,0,0,0,0
0,0,0,0,0,0,0.17,4.02,9.1,12.54,13.84,15.19,16.36,14.66,12.46,8.84,2.72,0,0,0,0,0,0,0
0,0,0,0,0,0,0.07000000000000001,3.58,8.56,14.68,15.94,18.64,20.36,21.83,18.8,11.34,5.48,0,0,0,0,0,0,0
0,0,0,0,0,0,0.18,7.76,11.83,15.75,17.63,16.15,17.54,20.75,21.75,15.75,10.75,0.06,0,0,0,0,0,0
0,0,0,0,0,0,0.25,10.62,17.32,21.31,23.83,23.87,21.18,12.7,7.26,4.15,1.24,0,0,0,0,0,0,0
0,0,0,0,0,0,0.15,3.97,9.68,10.39,13.82,13.89,14.89,14.82,10.8,7.94,2.9,0,0,0,0,0,0,0
0,0,0,0,0,0,0.22,7.04,7.35,10.09,12.62,16.15,17.02,15.99,12.88,11.2,5.1,0,0,0,0,0,0,0
0,0,0,0,0,0,0.1,4.81,9.66,15.46,18.83,19.16,20.87,20.11,16.7,11.07,4.77,0,0,0,0,0,0,0
0,0,0,0,0,0,0.02,1.75,3.7,6.71,10.17,10.74,9.09,8.73,6.79,4.79,2.06,0,0,0,0,0,0,0
0,0,0,0,0,0,0.07000000000000001,3.57,9.529999999999999,14.63,15.5,16.5,16.52,13.53,10.05,6.71,2.37,0,0,0,0,0,0,0
0,0,0,0,0,0,0.11,4.47,7.24,11.48,10.93,9.800000000000001,14.08,13.63,15.7,9.44,4.67,0,0,0,0,0,0,0
0,0,0,0,0,0,0.15,7.84,16.65,16.75,17.48,18.83,14.61,12.01,5.44,5.75,2.39,0,0,0,0,0,0,0
0,0,0,0,0,0,0.11,6.34,10.45,14.75,22.54,23.12,22.1,20.48,13.35,12.63,6.68,0,0,0,0,0,0,0
0,0,0,0,0,0,0.17,8.539999999999999,20.47,24.81,22.19,22.18,24.65,20.15,17.93,15.71,6.14,0,0,0,0,0,0,0
0,0,0,0,0,0,0.1,4.14,8.289999999999999,15.38,19.83,22.64,18.78,20.33,16.21,16.47,6.7,0,0,0,0,0,0,0
0,0,0,0,0,0,0.1,7.35,13.62,19.03,17.86,18.51,17.73,15.18,11.89,9.34,6.78,0,0,0,0,0,0,0
0,0,0,0,0,0,0.04,4.09,7.54,12.81,13.37,13.32,17,21.12,24.08,16.86,8.16,0,0,0,0,0,0,0
0,0,0,0,0,0,0.11,4.64,4.32,7.04,8.41,8.81,8.960000000000001,7.93,5.07,3.64,0.93,0,0,0,0,0,0,0
0,0,0,0,0,0,0.11,5.12,4.04,7.01,7.31,10.58,8.9,7.17,5.46,3.35,1.04,0,0,0,0,0,0,0
0,0,0,0,0,0,0,1.58,3.62,8.07,13.02,12.88,14.01,11.5,8.279999999999999,4.97,1.1,0,0,0,0,0,0,0
0,0,0,0,0,0,0,1.41,3.91,9.880000000000001,16.95,17.4,21.58,19.05,15.8,10.64,3.94,0,0,0,0,0,0,0
0,0,0,0,0,0,0.14,8.210000000000001,17.09,20,18.14,18.2,18.06,19.67,19.9,11.9,4.39,0,0,0,0,0,0,0
0,0,0,0,0,0,0.07000000000000001,6.1,10.35,13.55,13.33,12.43,17.65,17.27,11.81,12.26,5.74,0,0,0,0,0,0,0
0,0,0,0,0,0,0.12,8.73,16.42,24.08,23.07,18.99,18.56,20.62,23.87,17.09,6.43,0,0,0,0,0,0,0
0,0,0,0,0,0,0.05,4.9,7.05,11.15,11.8,14.89,23.1,26.42,25.58,15.92,5.18,0,0,0,0,0,0,0
0,0,0,0,0,0,0.07000000000000001,6.8,15.73,17.78,22.28,21.11,19.75,18.67,14,10.91,6,0,0,0,0,0,0,0
0,0,0,0,0,0,0.12,10.11,20.98,19.76,25.25,18.58,22.11,20.41,18.84,15.26,8.470000000000001,0,0,0,0,0,0,0
0,0,0,0,0,0,0.11,11.43,21.62,19.62,24.42,22.84,21.85,24.43,20.32,19.97,9.220000000000001,0,0,0,0,0,0,0
0,0,0,0,0,0,0.09,8.42,10.19,13.01,16.9,17.84,20.15,16.06,12.06,11.53,4.25,0,0,0,0,0,0,0
0,0,0,0,0,0,0.11,9.4,20.8,22.87,20.83,24.22,22.69,23.09,22.14,16.6,6.35,0,0,0,0,0,0,0
0,0,0,0,0,0,0.1,7.55,13.09,18.74,21.45,22.21,19.29,23.78,22.54,18.1,6.59,0,0,0,0,0,0,0
0,0,0,0,0,0,0.08,9.75,18.67,21.03,20.04,20.89,23.2,24.9,25.3,18.88,9.48,0,0,0,0,0,0,0
0,0,0,0,0,0,0.04,5.76,12.48,14.03,14.79,16.46,15.46,16.58,19.54,11.24,1.56,0,0,0,0,0,0,0
0,0,0,0,0,0,0,1.17,3.36,8.029999999999999,16.74,18.49,15.52,9.449999999999999,4.92,3.13,0.87,0,0,0,0,0,0,0
0,0,0,0,0,0,0,2.16,8.23,10.14,10.37,10.92,11.01,7.11,6.36,2.99,0.75,0,0,0,0,0,0,0
0,0,0,0,0,0,0.02,5.57,6.66,9.52,10.95,11.54,16.66,16.12,16.66,10.5,4.71,0,0,0,0,0,0,0
0,0,0,0,0,0,0.05,9.93,17.19,24.44,24.08,23.8,27.41,24.22,17.97,13.56,5.87,0,0,0,0,0,0,0
0,0,0,0,0,0,0.05,7.84,16.65,21.14,18.22,12.59,11.87,10.27,5.08,4.26,1.54,0,0,0,0,0,0,0
0,0,0,0,0,0,0,4.3,9.67,11.3,13.86,13.81,17.82,16.1,12.01,11.84,5.99,0,0,0,0,0,0,0
0,0,0,0,0,0,0,1.88,5.97,7.78,7.79,8.94,9.050000000000001,7.47,4.93,3.31,0.85,0,0,0,0,0,0,0
0,0,0,0,0,0,0.05,8.84,17.47,20.47,22.13,20.16,19.74,21.79,22.73,16.22,8.5,0,0,0,0,0,0,0
0,0,0,0,0,0,0.05,8.43,16.23,15.82,16.41,19.96,14.84,15.87,11.08,10.98,5.15,0,0,0,0,0,0,0
0,0,0,0,0,0,0.04,9.69,18.22,19.7,23.87,26.92,26.28,27.09,22.68,16.45,8.24,0.02,0,0,0,0,0,0
0,0,0,0,0,0,0.03,10,15.87,25.62,26.62,26.23,25.77,24.02,19.77,17.26,10.07,0.02,0,0,0,0,0,0
0,0,0,0,0,0,0.04,11.42,16.23,24.01,27.71,24.11,26.89,23.4,22.61,14.43,7.13,0,0,0,0,0,0,0
0,0,0,0,0,0,0.02,8.539999999999999,20.27,21.87,19.87,20.34,17.08,21.27,20.51,18.99,9.33,0.02,0,0,0,0,0,0
0,0,0,0,0,0,0.02,10.84,19.11,23,21.06,18.64,17.03,17.76,17.53,14.25,7.81,0.02,0,0,0,0,0,0
0,0,0,0,0,0,0.01,9.1,16.94,22.29,20.65,20.69,16.01,16.39,15.64,9.31,4.7,0,0,0,0,0,0,0
0,0,0,0,0,0,0.01,8.039999999999999,14.91,16.91,19.61,20.16,18.97,20.75,21.76,16.33,8.32,0.03,0,0,0,0,0,0
0,0,0,0,0,0,0.01,8.949999999999999,14.9,21.55,21.07,19.42,18.75,20.61,19.49,11.39,5.95,0,0,0,0,0,0,0
0,0,0,0,0,0,0,8.34,15.85,19.61,24.76,25.53,19.72,18.45,9.83,6.2,1.37,0,0,0,0,0,0,0
0,0,0,0,0,0,0,2.07,7.28,8.19,9.859999999999999,8.869999999999999,9.5,9.92,11.07,6.55,1.4,0,0,0,0,0,0,0
0,0,0,0,0,0,0,1.57,6.33,6.75,9.35,9.109999999999999,9.49,7.44,6.39,3.47,1.2,0,0,0,0,0,0,0
0,0,0,0,0,0,0,1.91,6.76,8.98,9.84,8.369999999999999,8.58,6.41,5.77,4.47,1.86,0,0,0,0,0,0,0
0,0,0,0,0,0,0,4.45,13.79,19.29,19.78,22.64,21.47,13.52,9.44,12.94,6.81,0.05,0,0,0,0,0,0
0,0,0,0,0,0,0,7.38,18.64,20.78,22.99,20.73,21.52,19.45,20.88,12.83,6.66,0,0,0,0,0,0,0
0,0,0,0,0,0,0,5.76,14.31,17.84,20.54,20.14,20.43,22.65,16.52,19.02,10.2,0.06,0,0,0,0,0,0
0,0,0,0,0,0,0,7.39,14.51,16.9,20.75,23.24,22.03,24.96,18.82,14.04,6.91,0.02,0,0,0,0,0,0
0,0,0,0,0,0,0,5.86,7.74,12.7,17.98,20.45,23.1,23.69,24.15,18.29,11.46,0.09,0,0,0,0,0,0
0,0,0,0,0,0,0,3.66,9.699999999999999,10.71,15.29,14.36,16.44,18.81,19.92,12.9,8.4,0.05,0,0,0,0,0,0
0,0,0,0,0,0,0,1.33,3.33,5.25,7.85,7.66,8.17,7.03,5.79,3.79,1.29,0,0,0,0,0,0,0
0,0,0,0,0,0,0,0.91,3.08,5.08,6.93,9.26,9.119999999999999,9.76,9.619999999999999,7.32,2.51,0,0,0,0,0,0,0
0,0,0,0,0,0,0,7.58,13.88,16.99,24.03,18.97,20.55,24.16,22.91,17.94,10.72,0.08,0,0,0,0,0,0
0,0,0,0,0,0,0,3.92,9.66,10.93,11.15,10.5,14.49,14.17,16.81,9.539999999999999,1.73,0,0,0,0,0,0,0
0,0,0,0,0,0,0,0.77,3.66,4.44,7.66,8.6,9.4,11.95,12.26,8.81,4.62,0.04,0,0,0,0,0,0
0,0,0,0,0,0,0,6.57,15.96,17.91,17.92,16.65,20.25,15.3,12.97,11.67,6.57,0.05,0,0,0,0,0,0
0,0,0,0,0,0,0,1.59,7.28,9.69,15,17.42,14.99,14.66,13.33,10.5,6.92,0.09,0,0,0,0,0,0
0,0,0,0,0,0,0,7.37,18.26,20.03,15.59,14.66,13.82,16.09,13.34,15.73,12.97,0.15,0,0,0,0,0,0
0,0,0,0,0,0,0,6.8,14.13,18.47,20.46,17.45,17.21,19.06,13.2,10.41,6.32,0.09,0,0,0,0,0,0
0,0,0,0,0,0,0,7.05,17.8,21.67,20.82,20.11,19.61,19.83,15.66,16.06,8.58,0.11,0,0,0,0,0,0
0,0,0,0,0,0,0,7.58,17.68,22.95,22.76,20.44,22.18,21.52,19.22,16.86,10.38,0.14,0,0,0,0,0,0
0,0,0,0,0,0,0,5.12,16.25,19.17,19.72,21.64,20.59,25.05,19.94,14.36,8.19,0.14,0,0,0,0,0,0
0,0,0,0,0,0,0,6.08,16.62,19.39,19.19,25.3,23.57,26.05,20.3,17.22,9.359999999999999,0.14,0,0,0,0,0,0
0,0,0,0,0,0,0,5.92,14.64,20.06,20.72,16.53,18.38,19.18,16.72,13.76,11.06,0.17,0,0,0,0,0,0
0,0,0,0,0,0,0,5.49,18.31,19.7,18.81,16.96,18.51,23.67,19.47,18.79,10.49,0.19,0,0,0,0,0,0
0,0,0,0,0,0,0,4.69,12.59,14.63,20.4,19.61,17.36,20.33,15.23,12.63,6.87,0.12,0,0,0,0,0,0
0,0,0,0,0,0,0,1.19,7.47,8.23,11.37,14.24,12.91,15.09,14.25,10.58,7.07,0.12,0,0,0,0,0,0
0,0,0,0,0,0,0,6.03,19.09,22.9,19.57,21.7,22.23,23.09,24.88,17.07,11.94,0.18,0,0,0,0,0,0
0,0,0,0,0,0,0,5.49,16.53,17.83,20.46,13.06,16.2,17.97,16.93,17.39,10.76,0.22,0,0,0,0,0,0
0,0,0,0,0,0,0,5.1,16.81,16.7,20.35,19.33,24,18.91,18.29,15.09,12.86,0.27,0,0,0,0,0,0
0,0,0,0,0,0,0,6.36,16.63,22.77,24.34,21.85,25.47,26.33,25.54,19.59,12.06,0.27,0,0,0,0,0,0
0,0,0,0,0,0,0,5.35,17.75,25.04,21.44,17.76,20.21,23.63,25,19.06,11.45,0.33,0,0,0,0,0,0
0,0,0,0,0,0,0,6.8,14.52,22.16,23.16,22.28,22.46,24.63,20.07,22.84,15.04,0.43,0,0,0,0,0,0
0,0,0,0,0,0,0,2.93,9.550000000000001,15.08,21.07,22.03,24.31,23.29,25.42,16.63,8.16,0.17,0,0,0,0,0,0
0,0,0,0,0,0,0,0.48,2.55,4.99,7.09,7.67,10.51,11.3,11.45,8.220000000000001,4.02,0.14,0,0,0,0,0,0
0,0,0,0,0,0,0,5.12,16.45,21.17,26.18,18.71,19.6,25.07,17.99,16.34,10.8,0.59,0,0,0,0,0,0
0,0,0,0,0,0,0,6.36,16.11,21.08,22.48,24.72,24.16,22.33,22.82,18.27,14.98,0.62,0,0,0,0,0,0
0,0,0,0,0,0,0,6.86,18.09,22.83,20.92,23.27,21.38,24.57,16.45,20.9,15.31,0.59,0,0,0,0,0,0
0,0,0,0,0,0,0,5.15,16.31,19.97,22.09,26.49,25.17,22.36,20.72,19.26,12.35,0.57,0,0,0,0,0,0
0,0,0,0,0,0,0,6.15,17.31,17.69,19.76,20.75,22.93,25.07,26.34,23.42,14.91,0.77,0,0,0,0,0,0
0,0,0,0,0,0,0,5.83,15.87,18.39,22.74,21.26,26.03,24.07,18.76,17.27,10.06,0.6,0,0,0,0,0,0
0,0,0,0,0,0,0,0.61,2.81,4.51,6.63,7.14,10.06,10.49,9.65,8.93,5.09,0.24,0,0,0,0,0,0
0,0,0,0,0,0,0,4.52,10.82,18.72,19.64,16.16,20.72,18.59,15.37,11.66,5.13,0.24,0,0,0,0,0,0
0,0,0,0,0,0,0,1.91,4.8,12.64,16.86,17.08,18.79,19.6,14.15,14.59,7.63,0.52,0,0,0,0,0,0
0,0,0,0,0,0,0,4.58,11.34,17.33,17.33,20.2,21.43,19.73,15.89,7.76,2.86,0.11,0,0,0,0,0,0
0,0,0,0,0,0,0,5.26,13.16,18.17,19.85,17.9,20.75,19.83,17.98,12.02,8.02,0.64,0,0,0,0,0,0
0,0,0,0,0,0,0,6.55,16.7,18.45,26,22.43,21.64,24.05,19.8,17.48,12.75,1.63,0,0,0,0,0,0
0,0,0,0,0,0,0,6.04,18.75,18.76,25.84,21.74,22.52,26.58,24.69,22.33,14.97,2.12,0,0,0,0,0,0
0,0,0,0,0,0,0,6.31,16.51,22.13,24.62,25.6,21.83,23.72,18.97,19.24,12.16,2.36,0,0,0,0,0,0
0,0,0,0,0,0,0,5.38,19.16,25.26,25.45,23.02,22.41,26.41,19.82,19.44,13.56,1.55,0,0,0,0,0,0
0,0,0,0,0,0,0,6.42,18.46,23.18,22.1,22.95,22.37,25.57,21.75,22.92,12.94,3.55,0,0,0,0,0,0
0,0,0,0,0,0,0,6.33,18.27,20.11,19.96,22.5,21.32,26.31,26.04,18.47,14.19,3.38,0,0,0,0,0,0
0,0,0,0,0,0,0,5.01,16.37,23.07,22.06,18.7,22.5,21.46,26.44,22.04,14.83,2.54,0,0,0,0,0,0
0,0,0,0,0,0,0,4.83,15.02,19.29,19.41,16.6,21.73,21.11,19.32,16.41,10.6,1.07,0,0,0,0,0,0
0,0,0,0,0,0,0,3.27,9.109999999999999,14.59,22.26,22.97,19.5,23.01,23.64,17.72,13.87,2.45,0,0,0,0,0,0
0,0,0,0,0,0,0,5.11,15.74,19.92,19.65,19.19,19.93,20.83,23.19,18.76,13.42,3.93,0,0,0,0,0,0
0,0,0,0,0,0,0,5.45,18.02,19.81,21.41,24.52,21.89,22.06,18.81,17.43,16.29,3.69,0,0,0,0,0,0
0,0,0,0,0,0,0,6.65,15.48,22.53,21.06,23.91,23.36,23.29,24.95,23.11,14.24,3.26,0,0,0,0,0,0
0,0,0,0,0,0,0,5.29,14.89,16.94,23.45,22.62,24.31,19.13,14.06,12.03,6.41,0.52,0,0,0,0,0,0
0,0,0,0,0,0,0,3.5,13.79,18.7,21.84,21.25,26.11,25.78,22.15,19.03,14.26,4.29,0,0,0,0,0,0
0,0,0,0,0,0,0,6.51,16.27,19.62,21.77,16.92,17.95,18.12,17.24,16.84,7.03,0.55,0,0,0,0,0,0
0,0,0,0,0,0,0,5.56,16.85,22.94,19.9,21.44,25.71,18.76,21.14,17.95,12.26,2.55,0,0,0,0,0,0
0,0,0,0,0,0,0,5.11,13.02,20.38,19.8,19.15,18.59,19.18,19.11,18.89,12.53,2.36,0,0,0,0,0,0
0,0,0,0,0,0,0,5.5,11.09,18.66,21.27,20.29,23.86,22.45,21.11,16.45,12.26,3.86,0,0,0,0,0,0
0,0,0,0,0,0,0,6.46,15.05,21.49,21.6,20.55,19.99,22.08,19.33,18.41,16.59,4.76,0,0,0,0,0,0
0,0,0,0,0,0,0,7.01,16.18,18.2,21.62,16.6,16.56,21.31,16.12,12.54,11.12,1.96,0,0,0,0,0,0
0,0,0,0,0,0,0,5.94,16.94,19.54,21.08,20.92,21.76,25.51,21.75,24.24,16.9,4.84,0,0,0,0,0,0
0,0,0,0,0,0,0,7.44,14.58,24.67,24.71,21.49,26.35,26.3,22.94,23.86,15,3.76,0,0,0,0,0,0
0,0,0,0,0,0,0,5.2,17.57,21.87,21.62,24.09,25.24,24.52,24.97,24.95,15.73,5.22,0,0,0,0,0,0
0,0,0,0,0,0,0,5.9,16.72,19.36,20.23,20.58,21.86,22.63,21.71,19.43,14.07,4.23,0,0,0,0,0,0
0,0,0,0,0,0,0,5.69,14.99,23.77,25.93,23.4,19.8,25.19,18.93,18.52,13.92,2.94,0,0,0,0,0,0
0,0,0,0,0,0,0,6.42,14.05,19.2,21.5,24.1,25.88,24.86,25.86,22.92,17.14,4.86,0,0,0,0,0,0
0,0,0,0,0,0,0,5.86,16.1,23.13,25.35,22.56,26.46,23.96,21.63,22.8,17.59,5.03,0,0,0,0,0,0
0,0,0,0,0,0,0,6.2,16.02,20.59,23.88,21.04,20.91,23.87,20.84,19.33,13.63,5.61,0,0,0,0,0,0
0,0,0,0,0,0,0,6.16,13.41,21.42,18.88,18.95,24.07,25.65,24.29,19.32,16.2,5.42,0,0,0,0,0,0
0,0,0,0,0,0,0,6.55,16.6,17.51,18.51,19.29,26.48,28.8,20.88,21.36,14.72,4.82,0,0,0,0,0,0
0,0,0,0,0,0,0,7.6,19.69,19.64,23.63,24.04,22.16,25.63,27.25,21.89,19.82,5.74,0,0,0,0,0,0
0,0,0,0,0,0,0,7.57,18.64,23.86,23.03,25.32,22.81,24.09,23.63,18.51,17.17,4.88,0,0,0,0,0,0
0,0,0,0,0,0,0,7.83,18.46,24.3,18.33,18.07,26.43,21.36,18.67,18.44,17.85,5.66,0,0,0,0,0,0
0,0,0,0,0,0,0,8.869999999999999,15.3,18.37,23.66,24.79,20.2,23.21,24.36,22.18,17.44,4.54,0,0,0,0,0,0
0,0,0,0,0,0,0,8.69,20.57,25.42,20.27,22.23,19.63,16.23,12.5,10.36,5.67,0.82,0,0,0,0,0,0
0,0,0,0,0,0,0,7.47,18.89,23.58,21.3,23.95,20.75,23.89,24.05,24.97,19.24,5.74,0,0,0,0,0,0
0,0,0,0,0,0,0,6.55,7.14,9.43,12.51,14.58,14.61,19.66,15.03,18.93,14.79,4.43,0,0,0,0,0,0
0,0,0,0,0,0,0,8.16,18.77,22.38,24.59,21.71,21.31,17.36,12.6,10.97,7.81,1.76,0,0,0,0,0,0
0,0,0,0,0,0,0,8.83,15.91,20.83,21.2,20.23,27.17,20.5,26.7,22.94,14.33,5.24,0,0,0,0,0,0
0,0,0,0,0,0,0,8.199999999999999,15.96,20.34,27.61,24.57,24.35,22.92,20.86,20.51,16.8,5.6,0,0,0,0,0,0
0,0,0,0,0,0,0,8.58,19.89,20.74,23.95,21.29,24.06,20.48,23.91,21.65,16.69,4.72,0,0,0,0,0,0
0,0,0,0,0,0,0,10.34,17.59,18.46,17.77,20.63,19.01,25.96,18.52,19.49,16.4,5.42,0,0,0,0,0,0
0,0,0,0,0,0,0,9.460000000000001,19.1,23.41,24.57,21.66,24.35,25.52,23.1,18.02,15.78,4.71,0,0,0,0,0,0
0,0,0,0,0,0,0,9.48,21.15,18.89,22.14,20.61,22.38,19.75,21.26,19.59,17.49,4.68,0,0,0,0,0,0
0,0,0,0,0,0,0,9.15,16.03,24.08,20.6,22.94,22.65,25.88,23.24,19.98,14.39,3.98,0,0,0,0,0,0
0,0,0,0,0,0,0.02,8.960000000000001,15.32,18.95,18.8,14.82,20.09,20.49,19.5,17.97,16.92,5.85,0,0,0,0,0,0
0,0,0,0,0,0,0.03,9.4,15.25,22.65,19.45,16.3,16.54,14.66,11.2,9.92,5.78,0.97,0,0,0,0,0,0
0,0,0,0,0,0,0.02,6.01,11.01,15.15,21.7,24.47,26.83,22.2,23.9,18.33,18,5.6,0,0,0,0,0,0
0,0,0,0,0,0,0.04,8.24,16.61,19.62,25.05,21.33,25.11,23.88,23.3,25.06,15.52,5.75,0,0,0,0,0,0
0,0,0,0,0,0,0.04,9.01,21.66,20.32,25.89,19.92,20.87,24.86,21.26,20.53,20.01,4.96,0,0,0,0,0,0
0,0,0,0,0,0,0.06,9.59,20.58,22.3,25.12,24.27,27.05,20.62,25.41,23.66,16.67,5.67,0,0,0,0,0,0
0,0,0,0,0,0,0.06,8.1,18.59,18.54,20.37,21.31,22.52,21.76,24.44,22.29,19.16,5.09,0,0,0,0,0,0
0,0,0,0,0,0,0.09,7.96,20.11,20.79,24.3,21.27,23.54,25.15,23.5,21.46,19.96,5.97,0,0,0,0,0,0
0,0,0,0,0,0,0.08,8.449999999999999,17.32,22.75,24.95,28.07,22.87,20.58,23.67,23.65,18.3,5.27,0,0,0,0,0,0
0,0,0,0,0,0,0.1,8.18,20.86,21.58,17.2,15.17,20.45,20.35,24.11,19.48,13.37,2.67,0,0,0,0,0,0
0,0,0,0,0,0,0.05,8.48,16.79,24.55,23.06,23.08,25.45,24.42,22.37,19.76,18.9,5.89,0,0,0,0,0,0
0,0,0,0,0,0,0.1,8.82,20.38,25.66,21.06,24.89,20.68,22.9,17.16,18.54,16.83,4.96,0,0,0,0,0,0
0,0,0,0,0,0,0.09,9.74,16.52,21.4,21.99,26.06,21.54,20.98,25.51,19.19,19.55,5.13,0,0,0,0,0,0
0,0,0,0,0,0,0.08,6.02,7.01,18.56,24.84,25.71,25.42,23.11,23.67,18.57,18.54,5.55,0,0,0,0,0,0
0,0,0,0,0,0,0.12,7.97,18.81,21.16,20.78,13.91,19.51,19.4,24.13,15.92,11.96,1.09,0,0,0,0,0,0
0,0,0,0,0,0,0.11,8.710000000000001,22.5,23.42,21.34,21.05,19.97,21.68,25.06,19.49,13.44,3.62,0,0,0,0,0,0
0,0,0,0,0,0,0.07000000000000001,10.3,16.26,19.03,19.61,20.39,20.03,15.47,20.14,14.33,10.54,3.76,0,0,0,0,0,0
0,0,0,0,0,0,0.13,10.01,20.58,24.39,23.43,24.12,22.07,25.83,24.87,23.67,17.86,4.67,0,0,0,0,0,0
0,0,0,0,0,0,0.14,8.58,17.76,23.66,23.87,19.85,26.46,22.59,22.85,23.65,18.08,6.36,0,0,0,0,0,0
0,0,0,0,0,0,0.17,8.460000000000001,10.86,22.02,21.57,26.51,21.43,23.58,21.77,23,13.93,5.07,0,0,0,0,0,0
0,0,0,0,0,0,0.19,9.75,16.04,19.93,26.09,28.09,24.75,21.21,22.44,24.3,17.52,5.95,0,0,0,0,0,0
0,0,0,0,0,0,0.21,12.26,18.96,19.72,19.25,22.2,21.87,26.99,21.89,21.82,18.67,5.7,0,0,0,0,0,0
0,0,0,0,0,0,0.22,11.86,17.86,19.57,27.41,21.4,25.5,21.54,20.57,18.45,12.64,2.27,0,0,0,0,0,0
0,0,0,0,0,0,0.18,11.13,15.2,20.12,19.79,23.22,19.67,22.8,22.38,21.22,17.06,6.06,0,0,0,0,0,0
0,0,0,0,0,0,0.11,5.72,13.52,15.74,15.78,15.97,20.53,17.27,18.98,16.5,8.58,2.55,0,0,0,0,0,0
0,0,0,0,0,0,0.15,5.29,7.39,12.27,14.07,16,18.6,17.08,19.67,15.14,15.34,5.37,0,0,0,0,0,0
0,0,0,0,0,0,0.33,13.09,17.62,25.31,25.15,18.93,25.33,27.27,20.81,21.99,11.67,2.11,0,0,0,0,0,0
0,0,0,0,0,0,0.34,10.96,18.95,19.7,25.26,23.3,21.14,23.48,21.48,19.33,13.99,6.09,0,0,0,0,0,0
0,0,0,0,0,0,0.5,11.5,19,19.82,21.75,18.7,26.52,23.95,24.3,24.37,15.05,5.73,0,0,0,0,0,0
0,0,0,0,0,0,0.39,8.699999999999999,13.41,15.41,20.55,19.05,20.39,22.66,22.76,19.92,17.14,6.2,0,0,0,0,0,0
0,0,0,0,0,0,0.44,7.59,7.54,15.47,23.77,26.77,23.33,21.52,24.23,20.79,17.89,5.72,0,0,0,0,0,0
0,0,0,0,0,0,1.25,13.32,16.11,21.16,21.12,25.01,25.35,25.8,24.06,23.62,16.48,6.72,0,0,0,0,0,0
0,0,0,0,0,0,0.37,9.35,14.73,19.42,20.08,24.41,25.15,26.94,20.86,22.2,18.29,5.93,0,0,0,0,0,0
0,0,0,0,0,0,0.85,9.710000000000001,11.55,16.05,20.71,23.34,21.57,20.4,19.07,18.24,16.5,4.82,0,0,0,0,0,0
0,0,0,0,0,0,0.75,10.53,21.01,19.65,18.53,19.7,18.47,23.6,25.5,20.38,15.72,5.57,0,0,0,0,0,0
0,0,0,0,0,0,1.33,12.58,18,21.69,24.17,25.94,23.39,20.09,23.23,24.88,15.4,5.08,0,0,0,0,0,0
0,0,0,0,0,0,1.6,12.52,19.68,22.79,21.75,21.54,25.12,21.64,18.3,21.3,18.48,5.96,0,0,0,0,0,0
0,0,0,0,0,0,1.44,11.79,16.27,18.07,18.08,21.97,24.55,19.66,19.04,20.09,18.01,4.59,0,0,0,0,0,0
0,0,0,0,0,0,0.68,8.59,13.13,15.21,16.11,18.25,15.43,17.18,11.12,10.42,6.64,0.9,0,0,0,0,0,0
0,0,0,0,0,0,1.82,12.74,11.08,21.07,19.98,26.57,22.39,22.91,23.45,17.98,14.56,5.19,0,0,0,0,0,0
0,0,0,0,0,0,1.68,11.36,17.75,22.23,22.61,18.59,19.84,20.06,15.29,18.7,16.26,5.49,0,0,0,0,0,0
0,0,0,0,0,0,0.64,9.48,13.9,21.5,23.2,20.3,20.68,20.06,20.21,17.14,10.77,2.53,0,0,0,0,0,0
0,0,0,0,0,0,1.76,11.49,14.68,21.95,25.56,23.87,23.39,18.64,20.02,22.33,16.58,5.14,0,0,0,0,0,0
0,0,0,0,0,0,2.5,11.67,18.09,24.09,24.19,23.98,20.5,20.72,23.99,23.08,15.24,5.95,0,0,0,0,0,0
0,0,0,0,0,0,2.33,12.53,18.01,19.09,22.82,20.53,19.53,26.71,23.62,21.68,17.95,6.17,0,0,0,0,0,0
0,0,0,0,0,0,2.63,14.53,18.17,22.29,21.61,20.4,26.85,19.24,21.37,20.08,16.35,5.53,0,0,0,0,0,0
0,0,0,0,0,0,1.82,6.71,9.18,14.87,19.03,20.42,22.85,23.6,22.08,18.55,14.44,6.12,0,0,0,0,0,0
0,0,0,0,0,0,1.16,9.58,13.05,18.39,23.6,23.11,25.27,24.43,22.37,22.1,13.72,5.42,0,0,0,0,0,0
0,0,0,0,0,0,1.96,12.32,18.54,19.91,20.19,21.05,22.08,20.41,20.17,19.42,13.59,5.46,0,0,0,0,0,0
0,0,0,0,0,0,1.88,12.13,15.42,19.94,21.85,21.21,24.27,22.77,21.16,18.32,13.96,5.39,0,0,0,0,0,0
0,0,0,0,0,0,2.19,12.32,20.52,25.38,21.17,22.91,22.59,26.38,21.33,22.61,17.99,5.32,0,0,0,0,0,0
0,0,0,0,0,0,2.62,13.51,18.21,22.38,21.14,22.32,23.53,22.62,21.67,19.91,13.08,5.64,0,0,0,0,0,0
0,0,0,0,0,0,2.5,14.88,17.28,22.29,26.16,20.36,27.65,20.9,25.85,24.43,16.7,5.83,0,0,0,0,0,0
0,0,0,0,0,0,3.11,13.01,21.78,19.64,22.9,24.72,22.13,20.9,20,22.3,15.23,5.27,0,0,0,0,0,0
0,0,0,0,0,0,0.62,6.98,11.86,16.72,20.2,24.42,24.68,25.2,22.56,16,11.37,3.68,0,0,0,0,0,0
0,0,0,0,0,0,2.04,11.25,17.77,24.43,24.17,24.63,26.75,26.34,22.98,21.81,12.18,3.01,0,0,0,0,0,0
0,0,0,0,0,0,3.15,11.81,17.24,26.11,23.33,21.91,23.09,25.26,24.01,19.24,13.91,6.28,0,0,0,0,0,0
0,0,0,0,0,0,4.01,14.4,22.58,24.49,20.29,19.86,23.45,21.14,21.59,24.03,14.82,5.21,0,0,0,0,0,0
0,0,0,0,0,0,3.31,13.66,17.5,22.31,23.86,26.43,19.03,23.64,22.51,19.25,16,5.66,0,0,0,0,0,0
0,0,0,0,0,0,2.02,12.09,18.07,24.08,23.15,23.09,20.68,20.91,18.81,12.94,6.56,1,0,0,0,0,0,0
0,0,0,0,0,0,0.87,7.59,13.34,18.15,21.81,25,20.12,19.22,18.84,21.84,15.8,4.89,0,0,0,0,0,0
0,0,0,0,0,0,2.55,14.04,19.2,21.9,22.28,25.51,26.92,26.59,23.53,19.26,15.78,6.31,0,0,0,0,0,0
0,0,0,0,0,0,3.03,11.68,19.08,24.73,23.41,24.9,23.12,20.66,24.91,19.71,18.46,6.71,0,0,0,0,0,0
0,0,0,0,0,0,2.75,13.04,22.14,21.64,23.74,27.69,19.7,25.97,22.9,19.48,16.35,6.36,0,0,0,0,0,0
0,0,0,0,0,0,2.65,11.17,18.28,20.51,20.9,19.71,21.24,24.24,18.59,18.14,15.06,6.33,0,0,0,0,0,0
0,0,0,0,0,0,3.2,13.29,22.56,20.04,22.42,24.93,25.94,26.54,24.44,22.35,17.12,5.49,0,0,0,0,0,0
0,0,0,0,0,0,4.04,12.96,18.43,19.98,21.74,21.73,23.7,20.36,26.27,18.65,17.41,5.86,0,0,0,0,0,0
0,0,0,0,0,0,2.89,9.16,8.75,14.47,19.31,23.57,21.9,20.12,17.42,16.19,12.85,4.95,0,0,0,0,0,0
0,0,0,0,0,0,3.82,13.07,20.71,23.19,18.48,20.6,18.49,18.43,17.16,12.2,7.41,1.08,0,0,0,0,0,0
0,0,0,0,0,0,2.58,11.86,15.45,17.21,18.85,18.64,19.87,20.82,22.95,18.44,12.54,3.84,0,0,0,0,0,0
0,0,0,0,0,0,2.15,10.76,12.13,13.85,22.52,19.94,18.47,19.35,16.05,13.52,9.470000000000001,3.14,0,0,0,0,0,0
0,0,0,0,0,0,0.46,2.77,4.58,7.48,13.18,14.37,13.72,14.34,12.09,8.02,6.25,1.09,0,0,0,0,0,0
0,0,0,0,0,0,0.91,5.2,9.67,12.51,16.69,20.71,14.86,13.78,11.37,8.859999999999999,5.39,0.98,0,0,0,0,0,0
0,0,0,0,0,0,0.63,4.86,9.460000000000001,14.15,18.31,16.79,15.71,15.11,17.05,10.91,7.12,1.08,0,0,0,0,0,0
0,0,0,0,0,0,0.4,4.25,9.75,12.16,14.08,12.33,17.57,18.25,16.41,13.28,6.27,1.03,0,0,0,0,0,0
0,0,0,0,0,0,3.93,11.78,7.99,13.15,12.97,14.57,15.02,16.47,15.26,11.16,7.65,1.12,0,0,0,0,0,0
0,0,0,0,0,0,0.78,5.69,9.77,17.79,22.75,22.3,24.52,25.84,24.95,16.61,14.2,4.01,0,0,0,0,0,0
0,0,0,0,0,0,3.27,13.49,18.32,20.7,23.78,21.32,23.12,24.47,19.93,18.41,7.57,1.26,0,0,0,0,0,0
0,0,0,0,0,0,0.59,5.76,10.66,12.49,15.7,15.18,14.14,14.55,12.83,7.37,3.38,0.5600000000000001,0,0,0,0,0,0
0,0,0,0,0,0,3.16,13.71,19.12,18.62,19.88,20.76,23.85,21.01,18.86,17.39,11.58,3.47,0,0,0,0,0,0
0,0,0,0,0,0,0.63,4.39,8.800000000000001,13.63,16.11,16.88,16.72,17.82,11.85,9.289999999999999,6.74,1.38,0,0,0,0,0,0
0,0,0,0,0,0,2.82,10.96,20.74,18.46,23.59,24.9,23.75,23.11,24.3,21.4,15.38,5.89,0,0,0,0,0,0
0,0,0,0,0,0,2.67,11.44,12.56,14.99,12.95,13.99,13.84,17.32,16.31,11.28,6.64,0.9399999999999999,0,0,0,0,0,0
0,0,0,0,0,0,1.92,9.73,11.82,17.55,18.78,18.96,19.46,16.61,14.52,12.48,9.529999999999999,2.33,0,0,0,0,0,0
0,0,0,0,0,0,0.23,2.26,4.91,6.32,7.64,10.37,10.11,7.61,8.77,5.09,2.74,0.62,0,0,0,0,0,0
0,0,0,0,0,0,1.8,10.49,15.04,20.09,17.91,16.05,19.56,17.15,17.87,16.27,11.04,3.69,0,0,0,0,0,0
0,0,0,0,0,0,1.73,11.14,14.96,16.45,23,20.17,21.32,21.11,21.84,16.21,15.22,6.18,0,0,0,0,0,0
0,0,0,0,0,0,2.37,12.96,20.84,19.37,22.7,19.09,18.02,20.15,17.36,15.85,10.54,2.43,0,0,0,0,0,0
0,0,0,0,0,0,2.74,12.24,18.42,17.93,17.35,20.34,18.68,21.37,19.14,14.62,6.24,0.47,0,0,0,0,0,0
0,0,0,0,0,0,0.57,5.76,8.210000000000001,13.24,18.19,19.86,18.57,17.06,11.67,14.81,9.65,4.24,0,0,0,0,0,0
0,0,0,0,0,0,2.2,10.89,19.16,17.53,19.51,22.92,23.69,18.32,18.77,17.44,14.41,3.76,0,0,0,0,0,0
0,0,0,0,0,0,2.62,12.32,21.84,24.97,23.51,20.41,22.96,23.58,22.19,16.73,11.33,3.23,0,0,0,0,0,0
0,0,0,0,0,0,2.24,12.85,21.44,20.67,24.16,25.81,23.09,18.57,16.94,14.56,9.17,2.35,0,0,0,0,0,0
0,0,0,0,0,0,0.42,4.72,8.609999999999999,8.630000000000001,11.32,10.08,10.65,9.220000000000001,7.18,5.01,2.28,0.55,0,0,0,0,0,0
0,0,0,0,0,0,2.93,5.51,4.9,7.4,8.77,9.699999999999999,13.15,10.36,13.88,8.640000000000001,6.41,1.19,0,0,0,0,0,0
0,0,0,0,0,0,0.54,3.32,3.86,8.359999999999999,10.85,12.95,14.7,12.21,10.25,9.970000000000001,6.57,1.34,0,0,0,0,0,0
0,0,0,0,0,0,1.06,8.720000000000001,10.69,16.36,16.96,15.94,19.65,20.24,13.91,12.86,8.859999999999999,3.1,0,0,0,0,0,0
0,0,0,0,0,0,0.6899999999999999,7,14.2,14.21,17.62,16.6,15.46,15.39,19.2,14.29,9.91,2.56,0,0,0,0,0,0
0,0,0,0,0,0,3.46,11.94,14.66,19.36,19.38,17.98,15.45,19.48,13.51,14.65,7.98,3.08,0,0,0,0,0,0
0,0,0,0,0,0,3.14,10.49,15.36,16.99,17.63,15.29,16.02,16.71,14.91,15.92,10.81,3.93,0,0,0,0,0,0
0,0,0,0,0,0,2.64,11.99,17.71,24.5,24.14,22.06,25.53,18.57,21.84,14.63,10.65,4.22,0,0,0,0,0,0
0,0,0,0,0,0,2.36,11.76,15.77,22.03,21.55,18.76,18.41,17.01,14.07,11.2,6.91,1.39,0,0,0,0,0,0
0,0,0,0,0,0,1.83,8.17,11.43,16.68,18.16,20.72,22.33,14.09,7.52,8.23,6.96,2.92,0,0,0,0,0,0
0,0,0,0,0,0,2.06,9.109999999999999,19.08,16.73,17.5,17.08,20.63,16.33,20.41,18.84,13.94,4.56,0,0,0,0,0,0
0,0,0,0,0,0,0.85,10.88,17.81,19.43,19.31,20.08,24.6,21.67,18.67,13.36,9.66,3.1,0,0,0,0,0,0
0,0,0,0,0,0,0.74,7.76,11.09,16.69,18.13,20.96,16.72,21.81,22.76,20.88,10.82,3.46,0,0,0,0,0,0
0,0,0,0,0,0,1.94,11.1,15.55,20.3,19.71,19.37,15.5,13.57,14.59,8.92,6.69,3.31,0,0,0,0,0,0
0,0,0,0,0,0,2,10.28,18.66,23.3,22.75,20.33,22.05,24.2,22.82,22.83,16.24,5.19,0,0,0,0,0,0
0,0,0,0,0,0,2.82,12.16,17.62,22.79,19.87,23.9,25.44,23.95,24.23,23.41,16.03,6,0,0,0,0,0,0
0,0,0,0,0,0,1.97,12.01,16.22,15.14,18.11,15.94,19.41,16.26,11.79,8.029999999999999,5.33,1.45,0,0,0,0,0,0
0,0,0,0,0,0,2,9.93,13.52,15.48,17.59,17.19,17.07,21.71,17.94,14.44,9.93,3.55,0,0,0,0,0,0
0,0,0,0,0,0,0.32,3.88,9.539999999999999,9.83,11.69,14.5,14.36,17.5,15.77,15.4,10.36,5.13,0,0,0,0,0,0
0,0,0,0,0,0,2.23,11.6,16.86,24.67,24.13,24.95,23.81,19.63,22.56,14.79,12.32,4.14,0,0,0,0,0,0
0,0,0,0,0,0,0.25,3.5,7.71,11.32,14.63,13.26,18.56,15.04,14.62,12.64,9,6.41,0,0,0,0,0,0
0,0,0,0,0,0,0.3,2.53,4.64,6.81,9.960000000000001,9.609999999999999,9.59,9.01,6.83,5.9,3.39,0.8100000000000001,0,0,0,0,0,0
0,0,0,0,0,0,0.2,1.94,3.91,7.83,11.21,12.75,13.46,11.87,8.32,5.16,3.51,0.83,0,0,0,0,0,0
0,0,0,0,0,0,0.73,5.23,4.86,5.98,7.97,9.48,10.08,8.359999999999999,7.33,5.43,3.27,0.88,0,0,0,0,0,0
0,0,0,0,0,0,0.19,1.75,4.65,7.52,10.89,14.1,14.41,9.390000000000001,6.95,4.56,2.55,0.9399999999999999,0,0,0,0,0,0
0,0,0,0,0,0,0.16,1.65,5.07,7.45,7.73,10.03,8.470000000000001,8.16,7.22,5.11,3.04,0.9,0,0,0,0,0,0
0,0,0,0,0,0,0.15,1.93,4.44,7.9,7.62,9.369999999999999,9.66,10.61,7.48,5.03,2.99,0.79,0,0,0,0,0,0
0,0,0,0,0,0,0.32,6.16,13.57,15.31,17.03,16.17,12.58,12.21,7.98,5.21,2.97,0.9,0,0,0,0,0,0
0,0,0,0,0,0,0.38,5.47,8.51,13.99,17.9,20.58,20.65,16.35,16.06,15.22,12.96,6.94,0,0,0,0,0,0
0,0,0,0,0,0,0.5,4.81,9.949999999999999,11.63,14.68,16.14,15.68,14.83,11.26,10.62,5.47,1.62,0,0,0,0,0,0
0,0,0,0,0,0,0.36,7.53,10.59,14.42,16.9,18.18,26.26,20.94,19.83,20.99,16.64,5.57,0,0,0,0,0,0
0,0,0,0,0,0,1.71,12.24,19.87,23.81,22.39,19.56,18.78,24.19,22.95,19.82,11.25,4.57,0,0,0,0,0,0
0,0,0,0,0,0,0.35,5.7,8.52,10.87,13.28,15.73,13.72,11.96,7.65,6.55,4.46,1.75,0,0,0,0,0,0
0,0,0,0,0,0,0.23,3.75,9.890000000000001,9.130000000000001,11.56,10.47,15.61,16,15.14,11.05,5.1,0.93,0,0,0,0,0,0
0,0,0,0,0,0,0.26,2.55,4.29,6.79,9.31,10.01,12.05,13.36,14.27,9.619999999999999,8.19,3.42,0,0,0,0,0,0
0,0,0,0,0,0,0.58,6.45,12.4,13.38,15.26,18.26,14.49,13.7,11.83,8.82,6.77,1.85,0,0,0,0,0,0
0,0,0,0,0,0,0.51,11.11,20.38,22.5,23.83,27.27,24.62,21.48,20.91,15.4,15.05,6.27,0,0,0,0,0,0
0,0,0,0,0,0,1.66,11.11,16.62,20.16,23.28,19.26,23.52,17.05,13.81,12.87,9.279999999999999,4.36,0,0,0,0,0,0
0,0,0,0,0,0,0.35,5.63,12.27,12.23,13.05,15.9,17.12,15.51,18.07,14.04,11.9,5.51,0,0,0,0,0,0
0,0,0,0,0,0,0.55,7.29,7.53,14.79,16.17,20.98,20.77,20.65,19.37,15.11,10.52,1.89,0,0,0,0,0,0
0,0,0,0,0,0,1.4,11.24,16.63,18.44,24.44,20.98,23.03,20.61,18.53,14.98,10.49,3.96,0,0,0,0,0,0
0,0,0,0,0,0,1.53,12.02,18.3,17.37,17.66,20.99,20.25,15.5,11.99,8.880000000000001,5.95,1.42,0,0,0,0,0,0
0,0,0,0,0,0,0.5,10.42,13.87,17.91,18.84,18.97,16.11,17.94,18.95,11.73,10.59,3.2,0,0,0,0,0,0
0,0,0,0,0,0,0.41,10.49,16.53,16.78,17.17,16.76,17.52,17.68,13.78,9.33,4.12,0.88,0,0,0,0,0,0
0,0,0,0,0,0,0.17,3.11,9.02,10.87,14.59,15.43,17.69,14.52,11.55,10.82,6.45,1.86,0,0,0,0,0,0
0,0,0,0,0,0,0.17,5.89,12.51,15.01,17,19.52,13.77,13.72,7.42,7.52,8.06,3.87,0,0,0,0,0,0
0,0,0,0,0,0,0.22,4.31,10.7,13.21,15.21,14.8,18.53,19.66,18.19,13.47,5.93,0.66,0,0,0,0,0,0
0,0,0,0,0,0,0.5600000000000001,9.75,13.91,20.29,17.84,20.68,17.98,18.69,11.51,11.29,7.88,3.49,0,0,0,0,0,0
0,0,0,0,0,0,0.61,10.28,20.17,19.69,20.32,22.78,23.01,16.6,15.62,17.54,9.5,3.63,0,0,0,0,0,0
0,0,0,0,0,0,0.15,2.07,4.06,6.62,7.85,9.56,11.97,14.02,16.16,12.01,10.43,3.67,0,0,0,0,0,0
0,0,0,0,0,0,0.44,8.65,15.78,16.53,17.25,20.44,16.15,17.77,14.38,13.63,8.76,3.61,0,0,0,0,0,0
0,0,0,0,0,0,0.57,9.699999999999999,19.56,21.68,20.22,24.51,25.47,20.93,15.5,12.29,6.07,0.6,0,0,0,0,0,0
0,0,0,0,0,0,0.33,9.24,12.66,15.54,20.97,15.97,17.77,15.11,17.82,11.56,6.42,1.35,0,0,0,0,0,0
0,0,0,0,0,0,0.27,5.66,10.3,13.07,10.66,8.359999999999999,10.04,9.24,9.15,6.33,3.09,0.68,0,0,0,0,0,0
0,0,0,0,0,0,0.05,1.56,3.98,7.13,10.25,13.89,17.26,14.64,16.33,17.34,13.81,6.23,0,0,0,0,0,0
0,0,0,0,0,0,0.37,10.37,12.94,20.7,21.26,22.41,20.38,22.27,22.07,14.4,11.51,2.78,0,0,0,0,0,0
0,0,0,0,0,0,0.14,5.12,11.11,18.22,24.16,23.67,19.19,19.65,18.35,12.93,9.460000000000001,1.28,0,0,0,0,0,0
0,0,0,0,0,0,0.06,1.73,3.97,9.699999999999999,15.07,17.34,16.22,17.81,15.8,14.32,9.630000000000001,2.78,0,0,0,0,0,0
0,0,0,0,0,0,0.21,2.54,4.03,7.16,8.119999999999999,10.8,11.03,10.01,7.48,5.57,3.19,0.7,0,0,0,0,0,0
0,0,0,0,0,0,0.06,1.49,4.85,9.48,17.43,19.02,16.65,17.28,16.06,13.96,10.15,3.5,0,0,0,0,0,0
0,0,0,0,0,0,0.15,5.02,12.78,16.68,19.35,20.12,16.43,17.49,13.8,12.66,9.99,2.87,0,0,0,0,0,0
0,0,0,0,0,0,0.19,5.23,11.47,14.17,10.41,10.05,8.51,9.32,6.95,5.37,2.46,0.62,0,0,0,0,0,0
0,0,0,0,0,0,0.08,2.7,9.039999999999999,10.3,12.18,16.66,11.52,12.59,7.29,7.88,6.12,2.35,0,0,0,0,0,0
0,0,0,0,0,0,0.09,3.1,9.6,7.03,8.99,10.65,10.74,10.47,8.890000000000001,7.81,5.11,1.24,0,0,0,0,0,0
0,0,0,0,0,0,0.25,3.88,4.4,7.24,13,12.45,17.45,14.17,17.47,14.48,7.88,2.94,0,0,0,0,0,0
0,0,0,0,0,0,0.25,7.43,15.56,19.41,17.66,20.28,23.18,19.65,21.53,14.73,7.99,1.32,0,0,0,0,0,0
0,0,0,0,0,0,0.05,1.98,4.07,5.89,8.69,11.82,10.16,14.33,11.24,9.359999999999999,6.26,1.19,0,0,0,0,0,0
0,0,0,0,0,0,0.51,10.18,17.47,21.67,19,22.2,25.49,22.31,18.43,16.01,9.960000000000001,2.43,0,0,0,0,0,0
0,0,0,0,0,0,0.1,4.84,12.29,17.47,18.89,22.68,18.85,18.41,15.86,19.54,11.55,5.18,0,0,0,0,0,0
0,0,0,0,0,0,0.57,10.86,21.29,23.61,20.99,21.03,22.57,20.39,16.29,13.73,8.56,2.71,0,0,0,0,0,0
0,0,0,0,0,0,0.31,10.35,14.18,17.03,20.49,18.48,18.52,22.19,17.1,12.72,8.619999999999999,2.26,0,0,0,0,0,0
0,0,0,0,0,0,0.05,1.71,4.45,9.779999999999999,14.84,15.68,19.37,16.59,19.62,14.32,8.69,1.09,0,0,0,0,0,0
0,0,0,0,0,0,0.38,7.23,11.25,14.17,19.32,17.95,18.88,24.25,18.28,16.71,6.3,0.47,0,0,0,0,0,0
0,0,0,0,0,0,0.04,1.74,4.42,6.87,7.41,10.62,8.960000000000001,9.1,8.67,5.53,2.66,0.5,0,0,0,0,0,0
0,0,0,0,0,0,0.34,5.62,4.22,5.95,8.5,10.69,12.64,10.24,9.17,6.22,4.65,0.95,0,0,0,0,0,0
0,0,0,0,0,0,0.06,1.8,4.24,7.41,7.83,10.44,13.9,18.12,17.19,16.65,10.14,3.29,0,0,0,0,0,0
0,0,0,0,0,0,0.26,11.15,19.16,20.95,19.43,23.35,22.68,23.86,22.54,14.62,9.85,1.66,0,0,0,0,0,0
0,0,0,0,0,0,0.21,5.48,10.09,12.23,17.62,14.69,16.67,14.65,12.76,13.8,7.48,2.89,0,0,0,0,0,0
0,0,0,0,0,0,0.18,7.84,15.56,17.41,24.43,19.86,22.07,21.52,17.84,15.62,8.75,1.57,0,0,0,0,0,0
0,0,0,0,0,0,0.41,9.74,16.2,18.45,21.3,16.68,15.94,16.51,14.91,12.24,8.859999999999999,1.47,0,0,0,0,0,0
0,0,0,0,0,0,0.21,7.07,14.26,13.05,12.67,17.84,21.06,16.89,13.32,9.140000000000001,6.55,0.88,0,0,0,0,0,0
0,0,0,0,0,0,0.44,10.33,19.46,23.81,22.96,19.97,22.71,18.9,14.29,11.54,7.05,0.98,0,0,0,0,0,0
0,0,0,0,0,0,1.44,13.1,19.78,21.9,21.55,15.89,15.66,13.54,13.44,8.76,6.04,0.82,0,0,0,0,0,0
0,0,0,0,0,0,0.22,5.09,8.09,12.89,16.79,20.6,14.91,17.12,14.55,7.56,3.46,0.31,0,0,0,0,0,0
0,0,0,0,0,0,0.25,5.77,8.630000000000001,14.46,17.53,19.33,22.17,16.65,16.81,17.36,10.96,2.64,0,0,0,0,0,0
0,0,0,0,0,0,0.52,13.03,21.75,23.82,19.42,22.58,22.33,19.54,20.32,18.52,14.83,4.23,0,0,0,0,0,0
0,0,0,0,0,0,0.19,5.1,8.859999999999999,14.5,17.27,18.89,16.93,21.45,18.51,16.97,9.75,2.03,0,0,0,0,0,0
0,0,0,0,0,0,0.23,5.16,7.74,13.92,16.42,20.48,18.55,18.86,21.09,15.63,8.51,0.61,0,0,0,0,0,0
0,0,0,0,0,0,1.35,11.63,19.18,21.19,21.43,16.05,18.29,16.45,11.83,11.18,6.56,1.26,0,0,0,0,0,0
0,0,0,0,0,0,0.12,3.61,8.49,10.52,8.82,8.890000000000001,8.76,8.65,8.31,5.98,2.73,0.31,0,0,0,0,0,0
0,0,0,0,0,0,0.12,4.1,9.279999999999999,10.45,14,17.34,16.66,15.47,14.84,12.59,6.28,0.64,0,0,0,0,0,0
0,0,0,0,0,0,0.26,5.39,9.18,12.98,17.67,23.49,17.51,20.77,17.98,17.11,12.09,4.4,0,0,0,0,0,0
0,0,0,0,0,0,0.26,8.109999999999999,15.26,17.85,17.65,21.3,20.24,20.56,21.61,15.62,12.34,3.5,0,0,0,0,0,0
0,0,0,0,0,0,0.64,11.67,20.53,20.48,21.95,27.39,19.64,22.83,25.53,20.05,13.14,3.13,0,0,0,0,0,0
0,0,0,0,0,0,0.5600000000000001,10.38,18.22,21.01,24.37,24.44,21.28,19.61,14.18,12.7,5.47,0.42,0,0,0,0,0,0
0,0,0,0,0,0,0.48,7.32,11.08,14.82,19.37,18.08,19.01,14.94,14.92,9.550000000000001,5.33,0.44,0,0,0,0,0,0
0,0,0,0,0,0,0.07000000000000001,2,4.27,7.62,9.51,9.23,11.03,7.66,6.45,4.23,1.91,0.17,0,0,0,0,0,0
0,0,0,0,0,0,0.26,5.15,9.84,11.2,15.37,14.05,18.75,22.17,21.38,15.45,10.28,0.77,0,0,0,0,0,0
0,0,0,0,0,0,0.62,11.8,20.48,25.39,21.99,22.39,22.79,22.72,19.6,17.97,9.369999999999999,1.39,0,0,0,0,0,0
0,0,0,0,0,0,0.28,8.449999999999999,15.18,18.14,18.27,19.95,21.13,21.5,20.06,17.76,9.539999999999999,0.58,0,0,0,0,0,0
0,0,0,0,0,0,0.15,2.39,4.43,6.68,10.1,8.640000000000001,8.529999999999999,9.1,6.52,5.66,3.56,0.33,0,0,0,0,0,0
0,0,0,0,0,0,0.25,3.16,5.04,7.51,10.29,8.92,9.73,12.95,11.15,9.85,5.32,0.28,0,0,0,0,0,0
0,0,0,0,0,0,0.64,12.07,20.75,24.84,24.46,25.32,21.17,20.23,20.08,14.52,9.33,0.48,0,0,0,0,0,0
0,0,0,0,0,0,0.36,10.71,12.73,21.25,19.17,24.39,21.93,22.17,16.34,15.3,11.02,0.55,0,0,0,0,0,0
0,0,0,0,0,0,0.39,11.43,16.64,17.92,16.62,15.51,16.69,17.21,13.04,10.95,7.23,0.37,0,0,0,0,0,0
0,0,0,0,0,0,0.11,3.4,7.93,12.24,14.7,15.07,17.22,16.85,12.76,14.69,12.02,1.21,0,0,0,0,0,0
0,0,0,0,0,0,0.59,8.960000000000001,20.7,21.87,19.96,22.87,18.7,19.83,17.16,11.2,3.7,0.09,0,0,0,0,0,0
0,0,0,0,0,0,0.38,7.51,14.77,17.23,18.08,22.35,22.6,15.53,9.06,10.7,6.43,0.31,0,0,0,0,0,0
0,0,0,0,0,0,1.16,12.96,20.27,22.43,22.98,26.02,19.04,16.47,9.859999999999999,7.9,6.69,0.25,0,0,0,0,0,0
0,0,0,0,0,0,0.49,10.43,18.16,19.32,22.92,21.68,25.62,21.29,19.81,18.69,15.31,0.6,0,0,0,0,0,0
0,0,0,0,0,0,0.2,4.62,10.37,9.859999999999999,15.56,16.05,16.77,21.88,21.16,14.35,5.88,0.15,0,0,0,0,0,0
0,0,0,0,0,0,0.26,6.41,12.68,18.04,22.64,20.9,20.04,18.01,12.35,7.8,2.47,0.04,0,0,0,0,0,0
0,0,0,0,0,0,0.24,5.3,8.33,10.41,14.55,12.89,15.63,17.01,16.6,10.62,4.52,0.11,0,0,0,0,0,0
0,0,0,0,0,0,0.65,11.44,10.35,16.77,16.6,18.13,18.67,13.61,10.54,6.85,4.5,0.1,0,0,0,0,0,0
0,0,0,0,0,0,0.5,9.42,11.12,14.02,16.43,18.12,23.05,24.77,21.92,20.86,12.3,0.27,0,0,0,0,0,0
0,0,0,0,0,0,0.52,10.85,17.25,18.79,20.94,19.51,19.43,17.62,16.74,13.7,9.460000000000001,0.21,0,0,0,0,0,0
0,0,0,0,0,0,0.67,13.09,17.65,23.55,25.08,20.63,25.67,23.52,18.32,19.31,14.42,0.25,0,0,0,0,0,0
0,0,0,0,0,0,0.51,9.57,16.86,17.08,16.96,16.97,21.51,17.94,14.83,13.55,7.6,0.16,0,0,0,0,0,0
0,0,0,0,0,0,0.41,6.04,8.359999999999999,11.2,19.37,15.61,18.19,18.69,17,15.75,7.03,0.1,0,0,0,0,0,0
0,0,0,0,0,0,0.53,12.7,20.84,20.5,22.26,26.57,18.6,20.3,18.49,18.8,9.140000000000001,0.17,0,0,0,0,0,0
0,0,0,0,0,0,0.29,10.87,15,21.5,23.83,21.84,22.82,21.29,21.15,20.01,14.73,0.18,0,0,0,0,0,0
0,0,0,0,0,0,0.83,14.12,20.27,23.26,25.41,21.74,26.12,22.98,18.45,17.64,8.869999999999999,0.11,0,0,0,0,0,0
0,0,0,0,0,0,1.34,11.22,17.09,17.59,19.21,25.85,23.8,23.22,18.67,15.06,7.48,0.07000000000000001,0,0,0,0,0,0
0,0,0,0,0,0,0.2,7.88,13.45,15.86,20.68,18.3,18.98,17.75,12.42,9.48,4.37,0.02,0,0,0,0,0,0
0,0,0,0,0,0,0.34,8.23,12.46,15.82,20.36,20,20.92,19.84,13.34,9.07,4.59,0.02,0,0,0,0,0,0
0,0,0,0,0,0,0.45,10.25,19.57,17.19,17.63,14.29,10.65,10.31,5.53,3.71,1.28,0,0,0,0,0,0,0
0,0,0,0,0,0,0.28,9.359999999999999,14.51,17.42,15.82,17.96,20.36,19.34,11.93,11.8,5.73,0.04,0,0,0,0,0,0
0,0,0,0,0,0,0.11,3.05,8.82,10.8,13.62,14.59,15.68,18.05,14.5,11.6,5.36,0.03,0,0,0,0,0,0
0,0,0,0,0,0,0.5600000000000001,10.53,15.88,22.31,23.66,24.82,26.56,18.39,18.12,16.68,6.81,0.04,0,0,0,0,0,0
0,0,0,0,0,0,0.23,5.36,8.710000000000001,10.04,8.859999999999999,7.98,11.31,10.87,8.93,6.38,2.35,0,0,0,0,0,0,0
0,0,0,0,0,0,0.37,5.53,4.51,6.62,7.97,8.18,7.84,7.61,5.22,4.89,2.19,0,0,0,0,0,0,0
0,0,0,0,0,0,0.19,10.64,20.54,19.85,22.62,19.3,18.7,17.34,10.41,6.72,3.09,0,0,0,0,0,0,0
0,0,0,0,0,0,0.15,4.67,8.67,10.68,14.42,11.72,12.6,11.61,10.78,7.49,2.76,0,0,0,0,0,0,0
0,0,0,0,0,0,0.07000000000000001,2.95,9.300000000000001,14.61,17.16,19.8,19.91,19.34,20.98,9.92,5,0,0,0,0,0,0,0
0,0,0,0,0,0,0.17,6.77,11.13,16.61,15.91,15.94,21.35,18.89,17.75,17.35,9.99,0.06,0,0,0,0,0,0
0,0,0,0,0,0,0.29,8.300000000000001,13.87,18.98,19.93,23.65,17.71,14.05,7.59,3.99,1.06,0,0,0,0,0,0,0
0,0,0,0,0,0,0.13,3.7,8.710000000000001,11.19,12.11,16.33,15.34,11.28,9.68,7.14,2.77,0,0,0,0,0,0,0
0,0,0,0,0,0,0.18,5.15,6.91,11.84,12.31,12.53,16.75,13,14.88,11.54,5.93,0,0,0,0,0,0,0
0,0,0,0,0,0,0.1,4.04,7.32,11.1,14.39,20.61,15.62,19.03,13.49,11.17,5.07,0,0,0,0,0,0,0
0,0,0,0,0,0,0.02,1.67,4.52,5.91,8.210000000000001,9.81,9.08,8.029999999999999,6.17,4.98,1.71,0,0,0,0,0,0,0
0,0,0,0,0,0,0.08,4.09,7.5,13.87,18.49,18.74,17.28,13.25,11.11,7.96,2.08,0,0,0,0,0,0,0
0,0,0,0,0,0,0.11,4.94,8.52,8.460000000000001,8.109999999999999,8.9,13.19,12.55,13.15,11.97,4.74,0,0,0,0,0,0,0
0,0,0,0,0,0,0.14,8.76,13.15,17.39,15.66,18.14,14.96,12.1,5.2,5.22,2.16,0,0,0,0,0,0,0
0,0,0,0,0,0,0.1,5.67,9.82,14.19,16.74,22.13,21.78,16.27,15.71,11.19,6.66,0,0,0,0,0,0,0
0,0,0,0,0,0,0.17,8.58,16.93,20.76,23.79,19.27,21.57,22.01,16.3,13.54,5.28,0,0,0,0,0,0,0
0,0,0,0,0,0,0.11,4.05,8.48,12.7,15.26,22.47,18.47,16.96,15.97,13.57,6.27,0,0,0,0,0,0,0
0,0,0,0,0,0,0.09,6.86,10.03,16.58,19.37,21.23,19.17,15.17,11.36,11.64,5.05,0,0,0,0,0,0,0
0,0,0,0,0,0,0.05,3.83,8.69,12.18,12.37,14.13,15.72,17.11,19.16,19.73,9.07,0,0,0,0,0,0,0
0,0,0,0,0,0,0.12,4.65,4.31,6.74,7.76,8.56,8.23,8.640000000000001,5.9,2.6,0.8100000000000001,0,0,0,0,0,0,0
0,0,0,0,0,0,0.1,4.65,3.84,5.22,8.33,7.76,7.32,8.02,5.01,3,0.8100000000000001,0,0,0,0,0,0,0
0,0,0,0,0,0,0,1.26,4.27,6.68,12.96,14,12.39,9.800000000000001,8.470000000000001,4.35,0.96,0,0,0,0,0,0,0
0,0,0,0,0,0,0,1.45,3.27,10.99,14.58,20.22,20.96,16.77,14.67,9.76,3.38,0,0,0,0,0,0,0
0,0,0,0,0,0,0.13,7.45,13.91,17.78,17.35,21.06,15.82,17.18,15.82,10.07,4.96,0,0,0,0,0,0,0
0,0,0,0,0,0,0.08,5.78,10.23,12.57,11.82,15.43,17.5,15.07,13.23,9.539999999999999,6.47,0,0,0,0,0,0,0
0,0,0,0,0,0,0.11,8.949999999999999,17.21,22.65,20.54,18.48,19.31,21.77,18.41,13.59,6.7,0,0,0,0,0,0,0
0,0,0,0,0,0,0.06,3.72,7.03,10.11,12.09,11.55,18.38,25.4,24.39,16.32,4.96,0,0,0,0,0,0,0
0,0,0,0,0,0,0.07000000000000001,7.21,13.27,16.65,21.37,23.27,22.07,18.57,12.22,10.42,5.67,0,0,0,0,0,0,0
0,0,0,0,0,0,0.11,11.66,17.99,19.39,22.26,20.8,19.49,23.15,19.11,15.2,6.79,0,0,0,0,0,0,0
0,0,0,0,0,0,0.12,11.46,16.47,24.13,23.28,21.94,20.65,24.55,18.84,15.73,8.279999999999999,0,0,0,0,0,0,0
0,0,0,0,0,0,0.08,7.66,10.68,12.6,15.13,16.24,17.21,16.28,13.18,10.08,3.97,0,0,0,0,0,0,0
0,0,0,0,0,0,0.08,8.199999999999999,17.83,23.56,21.16,22.62,21.05,18.31,19.94,15.28,6.88,0,0,0,0,0,0,0
0,0,0,0,0,0,0.09,7.29,16.18,19.39,17.03,18.71,19.37,20.21,17.9,13.41,5.55,0,0,0,0,0,0,0
0,0,0,0,0,0,0.06,10.02,17.8,22.42,18.54,18.89,22.75,20.06,20.92,14.73,7.93,0,0,0,0,0,0,0
0,0,0,0,0,0,0.03,6.14,13.92,14.65,14.52,11.97,15.33,16.95,17.35,10.25,1.62,0,0,0,0,0,0,0
0,0,0,0,0,0,0,0.88,3.47,8.65,12.41,16.97,15.95,11.62,5.08,3.37,0.82,0,0,0,0,0,0,0
0,0,0,0,0,0,0,2.43,6.9,9.43,10.79,9.699999999999999,9.68,8.23,4.93,3.12,0.82,0,0,0,0,0,0,0
0,0,0,0,0,0,0.02,4.25,6.84,10.21,9.949999999999999,10.65,14.96,14.82,15.81,12.77,4.69,0,0,0,0,0,0,0
0,0,0,0,0,0,0.05,8.18,17.71,21.09,21.96,25.78,27.42,26.39,20.53,14.23,5.45,0,0,0,0,0,0,0
0,0,0,0,0,0,0.03,9.130000000000001,17.35,20.47,15.31,13.34,10.62,9.359999999999999,4.96,4.14,1.54,0,0,0,0,0,0,0
0,0,0,0,0,0,0,5.21,11.28,13.04,12.66,12.65,16.33,13.87,14.08,10.07,6.49,0,0,0,0,0,0,0
0,0,0,0,0,0,0,1.41,5.52,7.41,6.45,8.42,8.35,5.88,4.79,3.41,0.88,0,0,0,0,0,0,0
0,0,0,0,0,0,0.04,9.199999999999999,16.66,18.8,21.55,18.77,18.2,20.77,16.34,14.66,7.14,0,0,0,0,0,0,0
0,0,0,0,0,0,0.03,8.94,15.25,18.27,18.9,16.26,16.57,13.25,8.470000000000001,8.26,5.22,0,0,0,0,0,0,0
0,0,0,0,0,0,0.03,8.99,18.52,19.17,23.83,27.68,25.69,22.1,20.55,15.77,8.289999999999999,0.02,0,0,0,0,0,0
0,0,0,0,0,0,0.04,10.19,17.12,18.64,19.29,25.51,21.06,25.11,19.46,16.36,9.57,0.02,0,0,0,0,0,0
0,0,0,0,0,0,0.04,10.17,20.76,21.41,22,26.11,19.39,23.88,21.31,17.66,6.49,0,0,0,0,0,0,0
0,0,0,0,0,0,0.02,8.35,15.62,21.84,17.84,19.94,18.45,18.32,18.79,15.44,9.98,0.02,0,0,0,0,0,0
0,0,0,0,0,0,0.02,8.92,15.43,18.3,17.44,20.52,19.14,19.26,16.01,17.97,7.13,0.02,0,0,0,0,0,0
0,0,0,0,0,0,0.01,10.27,16.11,22.17,22.65,17.14,16.04,17.84,13.86,11.39,4.16,0,0,0,0,0,0,0
0,0,0,0,0,0,0.01,7.63,16.78,16.88,20.38,17.24,17.78,20.22,17.84,19.16,9.49,0.03,0,0,0,0,0,0
0,0,0,0,0,0,0.01,9.67,15.71,18.94,16.2,15.75,18.1,18.6,20.33,13.79,6.48,0,0,0,0,0,0,0
0,0,0,0,0,0,0,9.57,15.44,22.18,23.4,22.95,22.19,18.78,9.73,6.32,1.25,0,0,0,0,0,0,0
0,0,0,0,0,0,0,2.09,6.79,8.81,8.07,8.619999999999999,8.6,11.45,10.5,6.7,1.4,0,0,0,0,0,0,0
0,0,0,0,0,0,0,1.59,6.77,7,9.81,9.06,8.84,7.15,5.06,3.77,0.88,0,0,0,0,0,0,0
0,0,0,0,0,0,0,1.8,6.5,6.81,8.34,7.67,7.27,7.66,5.83,3.95,1.76,0,0,0,0,0,0,0
0,0,0,0,0,0,0,4.75,13.2,14.99,19.53,21.92,19.33,14.08,10.3,11.09,7.66,0.05,0,0,0,0,0,0
0,0,0,0,0,0,0,8.640000000000001,18.21,21.8,19.48,19.07,21.7,20.91,20.04,12.91,5.58,0,0,0,0,0,0,0
0,0,0,0,0,0,0,6.5,14.81,20.05,17.28,17.72,22.91,18.77,18.55,15.39,8.279999999999999,0.04,0,0,0,0,0,0
0,0,0,0,0,0,0,5.67,12.36,18.85,24.59,23.37,26.12,20.86,15.69,13.94,6.27,0.02,0,0,0,0,0,0
0,0,0,0,0,0,0,5.64,7.12,12.23,18.38,23.17,24.26,25.31,20.7,16.51,10.83,0.08,0,0,0,0,0,0
0,0,0,0,0,0,0,4.26,8.94,12.71,11.61,12.25,16.15,18.7,18.66,13.65,7.84,0.05,0,0,0,0,0,0
0,0,0,0,0,0,0,1.2,2.73,5.7,7.35,9.789999999999999,9.07,7.82,4.87,3.01,1.15,0,0,0,0,0,0,0
0,0,0,0,0,0,0,0.87,2.37,4.86,5.6,8.17,7.95,11.54,11.13,6.54,2.29,0,0,0,0,0,0,0
0,0,0,0,0,0,0,7.37,12.66,21.45,21.78,20.14,19.77,22.45,21.24,15.93,7.97,0.07000000000000001,0,0,0,0,0,0
0,0,0,0,0,0,0,3.48,9.99,10.02,9.07,11.23,14.99,14.7,12.36,8.75,1.74,0,0,0,0,0,0,0
0,0,0,0,0,0,0,0.86,3.16,4.68,7.12,8.359999999999999,7.76,9.880000000000001,10.8,7.43,5.62,0.05,0,0,0,0,0,0
0,0,0,0,0,0,0,7.24,18.35,17.83,19.15,15.8,18.93,17.25,13.58,9.76,6,0.06,0,0,0,0,0,0
0,0,0,0,0,0,0,1.42,6.59,11.88,15.05,15.36,13.63,12.6,12.13,9.69,6.39,0.07000000000000001,0,0,0,0,0,0
0,0,0,0,0,0,0,5.63,16.58,21.18,15.28,13.09,15.06,12.64,13.83,17.35,13.13,0.14,0,0,0,0,0,0
0,0,0,0,0,0,0,6.6,14.11,14.9,20.03,15.95,17.24,15.65,12.04,10.62,6.01,0.09,0,0,0,0,0,0
0,0,0,0,0,0,0,6.17,15.28,23.41,20.77,20.12,22.58,17.13,14.1,13.37,8.44,0.1,0,0,0,0,0,0
0,0,0,0,0,0,0,7.31,14.05,17.36,21.74,22.26,23.49,17.14,21.36,14.31,8.83,0.13,0,0,0,0,0,0
0,0,0,0,0,0,0,5.34,13.47,17.82,21.04,22.16,20.81,20,17.59,16.27,7.09,0.13,0,0,0,0,0,0
0,0,0,0,0,0,0,6.11,12.81,18.46,23.77,21.34,19.87,23.86,19.93,14.27,9.130000000000001,0.11,0,0,0,0,0,0
0,0,0,0,0,0,0,6.55,16.79,18.18,18.8,19.35,16.3,16.28,14.8,15.22,9.34,0.17,0,0,0,0,0,0
0,0,0,0,0,0,0,6.45,13.86,21.8,21.46,18.38,18.68,23.75,17.45,18.22,10,0.17,0,0,0,0,0,0
0,0,0,0,0,0,0,4.68,13.31,17.29,19.5,18.23,20.89,15.1,13.24,11.01,6.96,0.12,0,0,0,0,0,0
0,0,0,0,0,0,0,1.07,7.29,9.130000000000001,11.42,13.46,13.7,13.62,12,10.27,5.35,0.11,0,0,0,0,0,0
0,0,0,0,0,0,0,5.48,16.46,18.3,22.61,18.78,23.55,19.61,23.03,16.16,11.65,0.17,0,0,0,0,0,0
0,0,0,0,0,0,0,5.9,17.82,18.93,19.03,13.71,17.57,15.61,15.72,14.61,10.47,0.21,0,0,0,0,0,0
0,0,0,0,0,0,0,5.11,15.11,17.81,17.43,18.84,22.2,18.44,15.91,15.7,11.45,0.23,0,0,0,0,0,0
0,0,0,0,0,0,0,5.9,12.36,19.6,22.18,20.86,20.86,23.4,19.68,18.85,10.52,0.28,0,0,0,0,0,0
0,0,0,0,0,0,0,5.66,15.5,24.28,21.38,21.29,21.73,20.37,20.99,18.4,11.29,0.33,0,0,0,0,0,0
0,0,0,0,0,0,0,5.87,14.05,19.79,21.25,25.64,19.43,25.51,24.51,16,12.58,0.41,0,0,0,0,0,0
0,0,0,0,0,0,0,2.52,9.6,16.3,15.89,20.27,23.41,23.15,19.54,18.13,7.84,0.19,0,0,0,0,0,0
0,0,0,0,0,0,0,0.45,2.2,4.87,7.14,9.23,9.31,11.76,9.84,7.47,4.37,0.12,0,0,0,0,0,0
0,0,0,0,0,0,0,5.59,14.92,18.63,20.25,19.58,21.88,21.11,14.4,18.49,13.79,0.51,0,0,0,0,0,0
0,0,0,0,0,0,0,5.45,14.35,18.94,21.06,22.64,19.23,18.29,18.76,18.58,12.37,0.59,0,0,0,0,0,0
0,0,0,0,0,0,0,5.39,18.63,21.12,18.46,16.71,16.78,21.37,17.34,17.78,10.98,0.5,0,0,0,0,0,0
0,0,0,0,0,0,0,4.88,12.94,16.03,22.87,19.83,22.19,21.5,18.45,18.5,9.119999999999999,0.55,0,0,0,0,0,0
0,0,0,0,0,0,0,6.47,18.06,17.12,18.72,18.29,24.79,24.26,19.03,18.07,11.4,0.92,0,0,0,0,0,0
0,0,0,0,0,0,0,5.97,14.66,16.73,25.18,24.32,18.98,24.83,22.77,19.08,9.390000000000001,0.68,0,0,0,0,0,0
0,0,0,0,0,0,0,0.62,2.38,4.56,7.95,6.87,8.539999999999999,9.65,9.970000000000001,6.9,4,0.19,0,0,0,0,0,0
0,0,0,0,0,0,0,4.74,11.62,13.97,18.56,14.92,20.03,17.68,16.6,10.33,5.16,0.25,0,0,0,0,0,0
0,0,0,0,0,0,0,1.72,4.34,11.11,12.68,17.69,14.57,18.82,13.24,12.29,7.96,0.6,0,0,0,0,0,0
0,0,0,0,0,0,0,4.16,10.47,17.4,20.31,20.21,19.01,19.45,11.54,8.630000000000001,2.47,0.11,0,0,0,0,0,0
0,0,0,0,0,0,0,5.48,9.94,18.98,14.98,18.57,17.47,16.07,15.76,12.17,8.23,0.62,0,0,0,0,0,0
0,0,0,0,0,0,0,6.01,12.6,19.87,20.4,24.71,25.97,20.78,25.15,18.31,10.59,1.46,0,0,0,0,0,0
0,0,0,0,0,0,0,5.12,13.52,21.74,23.38,21.92,23.99,26,18.11,18.96,15.24,2.31,0,0,0,0,0,0
0,0,0,0,0,0,0,4.91,15.25,25.41,19.86,23.66,21.75,24.81,21.28,16.28,13.38,2.38,0,0,0,0,0,0
0,0,0,0,0,0,0,4.96,16.11,21.75,21.76,18.75,19.17,22.21,19.75,21.85,14.06,1.58,0,0,0,0,0,0
0,0,0,0,0,0,0,6.7,18.65,23.21,24.43,26.11,25.4,21.55,25.25,18.37,12.67,2.48,0,0,0,0,0,0
0,0,0,0,0,0,0,4.97,16.56,25.03,26.15,19.11,25.82,23.06,24.81,19.28,13.49,3.18,0,0,0,0,0,0
0,0,0,0,0,0,0,5.96,15,19.22,21.41,18.63,23.18,21.38,25.56,21.14,13.93,2.25,0,0,0,0,0,0
0,0,0,0,0,0,0,4.18,12,16.5,16.21,19.12,22.93,19.67,21.13,17.32,11.24,1.24,0,0,0,0,0,0
0,0,0,0,0,0,0,2.71,9.550000000000001,14.22,19.06,20.47,18.31,19.22,20.55,18.09,12.02,2.29,0,0,0,0,0,0
0,0,0,0,0,0,0,4.76,15.27,19.51,17.2,16.5,18.39,20.77,20.95,18.8,13.94,3.42,0,0,0,0,0,0
0,0,0,0,0,0,0,4.67,17.81,20.85,17.94,25.58,21.13,19.22,18.09,18.02,14.9,2.83,0,0,0,0,0,0
0,0,0,0,0,0,0,5.18,15.88,17.58,24.07,22.76,22.63,20.45,24.83,22.26,13.37,2.99,0,0,0,0,0,0
0,0,0,0,0,0,0,4.56,14.31,20.16,19.54,20.31,23.19,19.21,16.85,11.08,6.06,0.43,0,0,0,0,0,0
0,0,0,0,0,0,0,3.23,11.36,18.18,20.07,21.98,21.27,23.78,21.77,24.04,14.5,4.12,0,0,0,0,0,0
0,0,0,0,0,0,0,5.35,15.55,21.86,15.28,17.58,15.74,19,17.44,15.35,7.46,0.55,0,0,0,0,0,0
0,0,0,0,0,0,0,5.7,15.17,23.1,19.97,22.46,21.43,18.9,17.23,15.99,9.92,1.99,0,0,0,0,0,0
0,0,0,0,0,0,0,5.1,15.29,19.64,20.15,19.65,20.71,20.81,15.17,17.13,9.4,2.38,0,0,0,0,0,0
0,0,0,0,0,0,0,5.58,11.57,16.51,16.33,16.15,20.52,21.48,25.02,16.65,12.72,3.8,0,0,0,0,0,0
0,0,0,0,0,0,0,5.65,13.49,21.28,20.1,18.18,22.08,21.24,19.32,21.03,12.64,4.71,0,0,0,0,0,0
0,0,0,0,0,0,0,5.32,13.38,19.38,20.63,14.02,19.79,19.36,14.49,15.43,9.710000000000001,2.32,0,0,0,0,0,0
0,0,0,0,0,0,0,5.25,16.54,22.56,24.39,26.39,22.85,23.59,24.94,20.82,15.77,3.5,0,0,0,0,0,0
0,0,0,0,0,0,0,5.93,16.66,18.47,23.05,20.7,24.06,21.93,22.71,24.14,15.04,4.08,0,0,0,0,0,0
0,0,0,0,0,0,0,6.13,17.14,19.83,20.33,21.3,23.55,20.74,22.42,20.47,15.85,4.21,0,0,0,0,0,0
0,0,0,0,0,0,0,5.77,16.63,22.46,21.57,20.39,20.23,25.12,22.42,20.59,13,4.5,0,0,0,0,0,0
0,0,0,0,0,0,0,6.82,13.61,18.24,20.12,24.91,21.16,21.34,17.4,15.98,13.37,2.36,0,0,0,0,0,0
0,0,0,0,0,0,0,4.98,14.77,18.06,20.38,18.71,24.95,22.68,24.25,18.29,12.96,4.17,0,0,0,0,0,0
0,0,0,0,0,0,0,6.33,14.78,17.58,20.01,24.36,21.23,19.49,22.96,20.97,16.31,5.01,0,0,0,0,0,0
0,0,0,0,0,0,0,7.29,15.6,24.09,22.47,17.17,24.94,22.43,23.42,18.74,15.76,4.39,0,0,0,0,0,0
0,0,0,0,0,0,0,6.07,14.11,16.55,23.23,20.45,20.52,20.02,24.79,22.41,14.01,4.22,0,0,0,0,0,0
0,0,0,0,0,0,0,5.98,16.11,20.05,22.21,18.91,18.82,23.11,22.9,23.38,15.97,4.85,0,0,0,0,0,0
0,0,0,0,0,0,0,6.83,18.6,19.95,19.1,24.1,24.76,21.25,21.9,25.04,16.8,4.46,0,0,0,0,0,0
0,0,0,0,0,0,0,6.26,14.42,21.58,21.9,25.53,26.87,25.5,22.23,23.22,15.97,4.6,0,0,0,0,0,0
0,0,0,0,0,0,0,8.710000000000001,18.38,17.68,23.33,17.68,21.23,23.87,23.01,18.82,15.76,4.51,0,0,0,0,0,0
0,0,0,0,0,0,0,6.97,16.34,20.15,20.22,22.12,23.91,20.96,20.75,17.06,15.25,4.29,0,0,0,0,0,0
0,0,0,0,0,0,0,7.35,19.65,19.82,24.4,19.13,17.68,16.61,9.800000000000001,8,4.7,0.72,0,0,0,0,0,0
0,0,0,0,0,0,0,7.42,17.62,19.52,24.36,25,19.91,23.38,19.73,20.15,15.02,5.36,0,0,0,0,0,0
0,0,0,0,0,0,0,5.19,6.15,9.68,13.53,15.29,17.13,18.66,15.53,17.5,13.93,4.3,0,0,0,0,0,0
0,0,0,0,0,0,0,7.84,16.81,17.63,20.02,25.32,22.16,15.77,12.86,8.550000000000001,5.86,1.27,0,0,0,0,0,0
0,0,0,0,0,0,0,8.57,15,20.9,20.34,22.62,25.13,22.1,20.32,19.6,14.04,5.4,0,0,0,0,0,0
0,0,0,0,0,0,0,10.12,17.23,23.73,21.64,27.93,22.06,24.44,24.56,21.19,15.88,5.84,0,0,0,0,0,0
0,0,0,0,0,0,0,7.28,17.64,20.34,25.56,21.76,27.15,21.19,20.21,21.95,14.23,5.15,0,0,0,0,0,0
0,0,0,0,0,0,0,8.41,14.09,18.74,21.59,18.38,21.97,23.4,19.72,17.89,14.64,5.61,0,0,0,0,0,0
0,0,0,0,0,0,0,8.619999999999999,18.52,18.76,17.85,25.26,24.57,24.48,19.22,17.7,15.66,4.27,0,0,0,0,0,0
0,0,0,0,0,0,0,9.630000000000001,16.68,16.2,20.42,19.85,20.6,19.34,19.69,21.11,14.33,4.57,0,0,0,0,0,0
0,0,0,0,0,0,0,8.470000000000001,19.28,17.92,21.1,21.5,19.64,26.96,21.29,20.56,11.96,4.79,0,0,0,0,0,0
0,0,0,0,0,0,0.02,8.289999999999999,18.32,17.3,14.56,15.34,19.52,21,24.45,22,14.79,5.13,0,0,0,0,0,0
0,0,0,0,0,0,0.03,9.199999999999999,19.7,19.62,18.53,16.5,15.74,13.19,12.92,9.41,5.36,0.95,0,0,0,0,0,0
0,0,0,0,0,0,0.02,5.74,10.94,14.88,21.1,21.01,25,18.41,23.24,21.04,14.16,5.54,0,0,0,0,0,0
0,0,0,0,0,0,0.04,8.470000000000001,16.12,20.69,23.84,24.3,21.67,17.77,23.12,22.91,16.79,4.82,0,0,0,0,0,0
0,0,0,0,0,0,0.05,7.09,19,22.01,20.37,19.31,19.11,23.08,16.35,18.49,19.01,4.87,0,0,0,0,0,0
0,0,0,0,0,0,0.05,8.390000000000001,18.33,18.95,22.97,20.07,24.83,22.45,23.25,24.02,14.4,4.69,0,0,0,0,0,0
0,0,0,0,0,0,0.06,7.7,21.8,18.34,25.15,26.14,21.48,21.26,20.74,23.33,17.2,5.16,0,0,0,0,0,0
0,0,0,0,0,0,0.08,8.48,19.93,17.55,25.28,27.31,21.08,23.13,22.38,19.27,18.75,4.79,0,0,0,0,0,0
0,0,0,0,0,0,0.06,7.14,16.65,20.62,20.67,28.61,26.93,20.51,22.69,21.68,15.59,4.95,0,0,0,0,0,0
0,0,0,0,0,0,0.1,7.47,18.94,22.47,19.23,14.46,20.6,23.2,24.24,19.51,12.87,2.96,0,0,0,0,0,0
0,0,0,0,0,0,0.04,8.01,18.65,20.63,19.85,26.17,21.67,26.09,18.82,19.12,15.07,5.6,0,0,0,0,0,0
0,0,0,0,0,0,0.11,9.35,14.98,19.09,20.91,24.96,22.89,22.31,18.36,20.67,15.96,4.94,0,0,0,0,0,0
0,0,0,0,0,0,0.08,7.64,16.45,18.67,22.61,18.54,25.44,24.7,24.1,19.78,16.89,5.33,0,0,0,0,0,0
0,0,0,0,0,0,0.08,6.87,8.25,17.13,22.45,28.28,25.31,23.67,27.21,18.87,19.59,4.8,0,0,0,0,0,0
0,0,0,0,0,0,0.11,9.289999999999999,20.07,19.12,16.83,12.31,19.78,23.09,22.72,16.96,10.02,1.05,0,0,0,0,0,0
0,0,0,0,0,0,0.09,7.42,21.43,20.6,21.17,23.28,19.52,21.84,20.89,16.78,14.06,3.12,0,0,0,0,0,0
0,0,0,0,0,0,0.08,10.63,18.5,17.25,21.55,17.55,17.73,15.99,16.59,16.06,10.13,2.96,0,0,0,0,0,0
0,0,0,0,0,0,0.13,8.210000000000001,18.82,23.15,22.35,20.91,19.8,21.16,19.7,21.06,13.23,4.51,0,0,0,0,0,0
0,0,0,0,0,0,0.13,7.52,17.59,18.64,22.61,20.69,24.69,26.19,21.74,20.81,14.74,5.54,0,0,0,0,0,0
0,0,0,0,0,0,0.15,9.74,10.87,18.57,18.85,24.73,19.99,22.73,21.43,16.8,15.59,5.52,0,0,0,0,0,0
0,0,0,0,0,0,0.19,7.37,14.89,17.43,22.51,20.81,26.16,21.33,25.35,20.73,13.82,6.17,0,0,0,0,0,0
0,0,0,0,0,0,0.18,10.56,17.12,21.82,23.64,18.79,23.69,26.69,21.54,18.87,16.93,5.21,0,0,0,0,0,0
0,0,0,0,0,0,0.2,11.28,16.24,20.81,22.24,20.71,25.38,25.38,20.46,22.99,13.44,2.56,0,0,0,0,0,0
0,0,0,0,0,0,0.19,11.29,14.62,19.06,17.55,19.2,19.95,24.41,26.35,24.74,16.64,4.67,0,0,0,0,0,0
0,0,0,0,0,0,0.11,5.56,10.04,14.89,14.53,14.96,15.49,16.01,18.82,14.46,9.109999999999999,1.95,0,0,0,0,0,0
0,0,0,0,0,0,0.15,5.19,8.91,12.39,13.84,15.21,22.26,18.32,18.28,18.64,12.71,3.93,0,0,0,0,0,0
0,0,0,0,0,0,0.3,9.68,20.4,22.36,21.07,17.74,23.41,22.53,18.75,22.18,12.69,1.93,0,0,0,0,0,0
0,0,0,0,0,0,0.37,10.75,18.9,20.93,21.68,25.07,20.94,25.75,21.87,19.73,17.08,6.57,0,0,0,0,0,0
0,0,0,0,0,0,0.43,13.24,19.66,17.83,17.78,22.42,21.07,21.83,23.78,22.09,15.95,6.14,0,0,0,0,0,0
0,0,0,0,0,0,0.34,10.79,10.85,13.22,17.19,20.68,21.09,20.09,19.93,17.31,16.38,6.06,0,0,0,0,0,0
0,0,0,0,0,0,0.46,6.63,7.7,17.1,19.42,21.05,26.99,24.51,23.06,21.05,14.53,6.4,0,0,0,0,0,0
0,0,0,0,0,0,0.92,12.93,18.81,22.1,25.94,22.02,22.93,22.45,20.34,24.14,16.84,6.93,0,0,0,0,0,0
0,0,0,0,0,0,0.32,8.82,13.59,17.38,19.53,22.26,20.3,21,21.39,17.97,17.88,5.31,0,0,0,0,0,0
0,0,0,0,0,0,0.71,8.93,12.22,16.84,18.43,18.62,20.17,22.73,21.59,19.41,16.54,5.05,0,0,0,0,0,0
0,0,0,0,0,0,0.7,8.81,19.91,17.02,16.47,19.9,17.9,19.06,20.67,16.18,17.65,5.77,0,0,0,0,0,0
0,0,0,0,0,0,1.2,11.45,16.86,21.03,22.77,20.14,25.08,18.21,19.66,19.93,16.31,5.55,0,0,0,0,0,0
0,0,0,0,0,0,1.65,12.64,14.43,21.11,21.94,21.46,19.16,22.67,17.55,19.58,17.56,4.35,0,0,0,0,0,0
0,0,0,0,0,0,1.37,12.56,14.45,16.68,20.65,23.67,22.55,21.84,23.51,19.88,17.23,4.16,0,0,0,0,0,0
0,0,0,0,0,0,0.5600000000000001,7.78,13.01,12.98,16.13,18.16,15.53,12.52,11.73,8.109999999999999,5.9,0.9399999999999999,0,0,0,0,0,0
0,0,0,0,0,0,1.77,11.39,12.29,16.6,19.19,26.47,22.97,24.63,21.72,21.98,13.81,4.77,0,0,0,0,0,0
0,0,0,0,0,0,1.53,9.84,15.5,21.55,18.38,21.52,19.1,18.06,16.65,17.58,14.99,6.16,0,0,0,0,0,0
0,0,0,0,0,0,0.52,10.75,15.4,21.77,21.04,19.67,23.57,22.99,19.01,14.1,9.220000000000001,2.51,0,0,0,0,0,0
0,0,0,0,0,0,1.75,9.18,13.44,19.77,23.64,26.59,23.52,18.25,21.8,19.72,16.4,5.13,0,0,0,0,0,0
0,0,0,0,0,0,2.1,11.32,20.96,19.63,19.49,22.13,18.4,22.61,24.35,20.56,15.27,4.94,0,0,0,0,0,0
0,0,0,0,0,0,2.38,11.51,18.16,18.63,18.78,23.17,22.45,25.17,21.35,20.2,14.75,6.91,0,0,0,0,0,0
0,0,0,0,0,0,2.25,12.63,16.82,20.64,18.67,18.77,23.16,23.12,21.88,19.98,16.46,4.29,0,0,0,0,0,0
0,0,0,0,0,0,1.4,7.55,7.39,16.63,19.06,22.86,18.41,20.37,22.39,16.4,16,6.36,0,0,0,0,0,0
0,0,0,0,0,0,0.9,8.9,11.04,19.98,24.34,24.94,24.06,21.69,20.7,18.18,15.68,4.62,0,0,0,0,0,0
0,0,0,0,0,0,2.2,9.41,17.3,20.17,16.81,17.87,24.28,22.63,22.35,19.29,17.48,5.36,0,0,0,0,0,0
0,0,0,0,0,0,1.97,12.9,14.91,19.91,22.28,21.6,25.21,22.66,22.88,21.73,15.01,4.26,0,0,0,0,0,0
0,0,0,0,0,0,2.1,11.38,16.79,20.53,20.07,20.44,22.62,23.68,24.94,20.97,12.97,5.34,0,0,0,0,0,0
0,0,0,0,0,0,2.61,10.26,17.75,22.62,20.44,20.05,22.77,19.25,18.32,20.31,13.65,5.25,0,0,0,0,0,0
0,0,0,0,0,0,2.79,11.64,16.19,21.37,20.29,21.83,20.72,24.8,21.37,20.39,16.16,4.88,0,0,0,0,0,0
0,0,0,0,0,0,3.17,15.1,18.42,24.69,20.95,25.22,17.37,20.61,19.07,21.07,14.94,5.28,0,0,0,0,0,0
0,0,0,0,0,0,0.5600000000000001,6.75,13.79,16.16,20.34,19.25,22.38,18.26,24.09,17.51,11.7,4.05,0,0,0,0,0,0
0,0,0,0,0,0,2.52,11.57,17.13,20.96,21.68,17.78,23.45,24.42,23.49,16.81,12.13,2.32,0,0,0,0,0,0
0,0,0,0,0,0,2.8,13.7,16.16,23.48,19.52,19.42,22.59,20.35,20.7,18.61,14.8,5.43,0,0,0,0,0,0
0,0,0,0,0,0,3.02,12.81,17.45,22.08,24.96,21.82,22.05,22.7,23.24,18.73,13.13,5.61,0,0,0,0,0,0
0,0,0,0,0,0,3.38,10.95,18.15,19.12,22.38,24.55,22.42,19.42,26.17,21.6,13.42,5.77,0,0,0,0,0,0
0,0,0,0,0,0,1.65,11.04,16.84,22.48,24.25,21.06,24.54,19.24,14.05,11.07,6.86,0.83,0,0,0,0,0,0
0,0,0,0,0,0,1.05,8.890000000000001,13.34,16.93,18.82,20.72,24.75,21.92,21.53,15.42,15.64,5.07,0,0,0,0,0,0
0,0,0,0,0,0,2.7,11.26,18.73,18.57,22.79,24.08,23.63,23.6,18.43,20.81,14.78,4.97,0,0,0,0,0,0
0,0,0,0,0,0,2.52,12.55,21.55,25.65,22.24,18.75,21.89,24.51,19.75,19.27,17.9,6.33,0,0,0,0,0,0
0,0,0,0,0,0,2.32,13.52,19.47,20.71,23.81,21.76,25.11,23.82,25.33,19.24,17.65,5.51,0,0,0,0,0,0
0,0,0,0,0,0,2.31,13.27,20.57,21.13,21.4,21.55,17.97,18.6,18.15,17.97,15.45,5.89,0,0,0,0,0,0
0,0,0,0,0,0,3.42,14.11,18,19.39,22.41,23.47,21.78,22.54,19.36,17.82,14.27,5.7,0,0,0,0,0,0
0,0,0,0,0,0,3.29,9.68,16.43,16.29,23.21,24.05,22.93,20.62,21.61,18.67,13.32,5.63,0,0,0,0,0,0
0,0,0,0,0,0,2.39,9.720000000000001,9.42,16.61,16.18,17.83,21.46,23.17,19.46,17.1,16.6,4.95,0,0,0,0,0,0
0,0,0,0,0,0,3.26,12.91,18.86,20.44,21.59,20.25,18.35,15.41,18.87,10.44,6.19,1.1,0,0,0,0,0,0
0,0,0,0,0,0,2.4,10.96,16.9,16.75,20.72,22.2,21.61,17.24,19.85,18.24,13.04,4.39,0,0,0,0,0,0
0,0,0,0,0,0,2.03,9.34,10.16,16.21,17.12,16.26,16.85,18.1,16.83,13.36,8.73,3.39,0,0,0,0,0,0
0,0,0,0,0,0,0.49,3.11,4.97,7.49,11,12.96,16.07,15.45,11.8,8.119999999999999,5.95,0.96,0,0,0,0,0,0
0,0,0,0,0,0,0.74,5.7,8.710000000000001,13,13.84,17.16,17.86,13.47,10.38,7.52,6.61,0.98,0,0,0,0,0,0
0,0,0,0,0,0,0.52,5.78,8.380000000000001,11.02,16.79,16.43,16.41,14.78,13.42,9.83,6.31,1.11,0,0,0,0,0,0
0,0,0,0,0,0,0.43,4.43,8.220000000000001,10.47,12.99,14.83,17.8,15.34,15.12,10.17,7.53,1.02,0,0,0,0,0,0
0,0,0,0,0,0,3.34,10.49,7.9,10.38,12.99,15.15,17,16.29,16.17,13.35,7.01,1.23,0,0,0,0,0,0
0,0,0,0,0,0,0.87,6.17,9.380000000000001,15.23,18.07,19.2,22.94,19.12,22.13,18.95,11.89,3.38,0,0,0,0,0,0
0,0,0,0,0,0,3.4,11.99,20.17,21.7,21.13,23.23,25.02,19.4,19.39,15.16,8.779999999999999,1.09,0,0,0,0,0,0
0,0,0,0,0,0,0.67,5.67,10.07,10.44,12.94,16.68,14.74,11.57,10.74,8.43,3.58,0.58,0,0,0,0,0,0
0,0,0,0,0,0,3.18,13.81,13.66,19.45,18.64,24.01,22.56,17.63,19.67,15.37,8.92,3.57,0,0,0,0,0,0
0,0,0,0,0,0,0.57,5.41,7.15,11.71,13.14,15.06,18.76,14.79,12.78,8.94,5.63,1.29,0,0,0,0,0,0
0,0,0,0,0,0,2.45,9.31,17.9,24.69,17.77,22.8,23.3,24.75,19.29,17.91,15.35,4.61,0,0,0,0,0,0
0,0,0,0,0,0,2.28,10.15,10.21,13.53,14.42,11.75,15.66,14.35,13.57,9.48,6.74,1.03,0,0,0,0,0,0
0,0,0,0,0,0,2.12,8.73,10.83,13.92,15.57,16.39,14.75,14.26,13.85,10.98,9.25,2.32,0,0,0,0,0,0
0,0,0,0,0,0,0.22,1.98,5.14,5.86,8.539999999999999,8.869999999999999,9.26,8.35,7.87,5.29,2.99,0.47,0,0,0,0,0,0
0,0,0,0,0,0,1.75,11.16,12.67,17.54,16.83,16.69,16.99,17.65,19.5,15.28,8.75,3.29,0,0,0,0,0,0
0,0,0,0,0,0,1.9,9.109999999999999,14.04,14.39,21.34,18.61,16.33,18.4,21.59,19.47,16.54,4.4,0,0,0,0,0,0
0,0,0,0,0,0,2.75,13.55,15.01,18.46,20.27,16.12,17.21,19.45,19.74,11.87,8.85,2.34,0,0,0,0,0,0
0,0,0,0,0,0,2.12,9.27,15.12,16.04,16.57,16.46,19.59,18.03,18.53,11.4,5.22,0.48,0,0,0,0,0,0
0,0,0,0,0,0,0.48,4.26,7.67,11.74,16.98,19.01,16.11,14.32,11.56,12.5,9.220000000000001,4.07,0,0,0,0,0,0
0,0,0,0,0,0,2.43,10.85,15.51,18.83,17.69,21.1,22.9,19.46,21.29,16.45,12.17,4.37,0,0,0,0,0,0
0,0,0,0,0,0,1.99,13.24,15.63,18.94,19.24,22.16,23.03,22.73,20.1,18.43,11.29,2.99,0,0,0,0,0,0
0,0,0,0,0,0,1.9,11.77,19.61,24.14,17.57,20.63,25.12,16.86,17.52,10.78,7.66,2.12,0,0,0,0,0,0
0,0,0,0,0,0,0.44,5.19,7.47,8.09,9.77,9.390000000000001,9.68,9.539999999999999,6.31,4.56,2.1,0.54,0,0,0,0,0,0
0,0,0,0,0,0,3.09,4.9,4.11,7.18,9.69,7.43,10.97,12.88,11.37,9.550000000000001,4.89,1.36,0,0,0,0,0,0
0,0,0,0,0,0,0.59,3.55,3.51,8.02,10.72,14.72,14.09,11.78,11.93,9.07,5.94,1.12,0,0,0,0,0,0
0,0,0,0,0,0,1.04,7.12,9.289999999999999,12.59,13.86,20.17,13.96,19.22,12.43,13.1,8.470000000000001,2.31,0,0,0,0,0,0
0,0,0,0,0,0,0.77,6.98,12.39,12.4,14.36,20.33,17.29,15.97,16.11,14.23,7.33,2.94,0,0,0,0,0,0
0,0,0,0,0,0,2.88,10.75,13.19,15.37,17.74,20.44,15.92,16.98,15.28,13.14,8.24,2.94,0,0,0,0,0,0
0,0,0,0,0,0,3.16,10.24,13.67,17.93,17.48,16.11,15.81,15.24,14.47,13.37,9.73,3.72,0,0,0,0,0,0
