0,0,0,0,0,0,0,6.43,17.2,21.64,22.52,21.87,22.77,22.89,22.03,17.93,8.960000000000001,0.13,0,0,0,0,0,0
0,0,0,0,0,0,0,5.91,15.91,20.83,23.34,24.28,24.44,23.78,21.93,17.84,9.720000000000001,0.13,0,0,0,0,0,0
0,0,0,0,0,0,0,5.87,16.53,21.26,21.07,18.58,18.25,18.05,15.43,15.82,10.51,0.17,0,0,0,0,0,0
0,0,0,0,0,0,0,6.44,17.58,22.07,21.8,18.51,20.26,21.44,20.82,18.22,11.14,0.19,0,0,0,0,0,0
0,0,0,0,0,0,0,5.19,13.41,17.42,19.2,20.16,19.73,18.63,15.14,12.43,8.02,0.14,0,0,0,0,0,0
0,0,0,0,0,0,0,1.25,6.6,9.859999999999999,12.2,13.53,15.8,15.94,14.96,11.9,6.71,0.11,0,0,0,0,0,0
0,0,0,0,0,0,0,6.47,16.98,21.94,23.77,24.45,24.88,24.71,23.54,20.53,12.97,0.22,0,0,0,0,0,0
0,0,0,0,0,0,0,6.37,17.22,21.41,19.21,14.08,17.43,18.82,19.32,17.33,10.21,0.2,0,0,0,0,0,0
0,0,0,0,0,0,0,6.13,16.47,21.06,22.03,21.77,21.99,21.46,19.78,18.06,12.13,0.27,0,0,0,0,0,0
0,0,0,0,0,0,0,6.34,16.96,22.02,23.2,22.62,23.66,23.97,23.1,20.55,13.3,0.31,0,0,0,0,0,0
0,0,0,0,0,0,0,6.26,16.94,22.04,23.07,22.05,24.11,24.87,24.08,20.96,12.62,0.39,0,0,0,0,0,0
0,0,0,0,0,0,0,6.41,17.08,22.32,24.44,25.11,25.41,24.93,23.73,21.34,13.96,0.42,0,0,0,0,0,0
0,0,0,0,0,0,0,3.16,11.21,16.84,20.25,21.85,22.88,23.28,22.53,17.88,8.9,0.2,0,0,0,0,0,0
0,0,0,0,0,0,0,0.52,2.72,5.17,7.09,8.85,10.28,11.86,11.42,8.42,4.36,0.15,0,0,0,0,0,0
0,0,0,0,0,0,0,5.63,16.45,21.83,22.82,22.23,22.45,21.93,20.18,18.61,13.53,0.54,0,0,0,0,0,0
0,0,0,0,0,0,0,6.02,16.38,21.77,23.79,24.41,24.61,24.15,22.65,20.46,13.68,0.57,0,0,0,0,0,0
0,0,0,0,0,0,0,6.23,17.34,22.22,22.93,21.84,22.08,21.55,19.85,18.39,13.57,0.61,0,0,0,0,0,0
0,0,0,0,0,0,0,5.64,15.43,20.68,23.38,24.45,24.72,24.43,23.04,19.94,12.61,0.6,0,0,0,0,0,0
0,0,0,0,0,0,0,6.11,16.88,21.5,22.45,21.91,23.61,24.57,24.29,21.51,14.36,0.9399999999999999,0,0,0,0,0,0
0,0,0,0,0,0,0,6.01,16.85,22.12,23.9,24.38,24.46,24,22.5,19.53,12.33,0.72,0,0,0,0,0,0
0,0,0,0,0,0,0,0.7,2.75,5.24,7.2,8.390000000000001,10.49,12.12,11.79,8.84,4.86,0.24,0,0,0,0,0,0
0,0,0,0,0,0,0,4.95,12.52,16.96,19.09,19.98,19.75,18.31,16.14,11.93,5.74,0.24,0,0,0,0,0,0
0,0,0,0,0,0,0,1.89,5.28,12.11,15.77,19.03,19.27,18.6,15.63,13.35,9.44,0.66,0,0,0,0,0,0
0,0,0,0,0,0,0,4.84,13.47,18.72,21.11,22.06,20.89,18.38,14.3,8.99,3.05,0.12,0,0,0,0,0,0
0,0,0,0,0,0,0,5.43,13.32,17.48,19.35,20.41,20.01,19.07,15.89,13.02,8.880000000000001,0.63,0,0,0,0,0,0
0,0,0,0,0,0,0,5.93,16.06,21.8,23.95,24.9,25.14,24.64,22.7,19.72,12.77,1.61,0,0,0,0,0,0
0,0,0,0,0,0,0,6.58,17.17,22.79,24.66,25.26,25.33,24.88,23.7,21.52,14.83,2.3,0,0,0,0,0,0
0,0,0,0,0,0,0,6.49,17.99,23.27,25.03,25.21,25.18,24.94,23.72,21.72,14.88,2.35,0,0,0,0,0,0
0,0,0,0,0,0,0,6.4,17.58,22.33,23.68,23.53,24.76,25.13,24.53,22.01,14.66,1.94,0,0,0,0,0,0
0,0,0,0,0,0,0,6.46,17.88,23.21,24.99,25.54,25.91,25.69,24.74,21.94,14.98,3.2,0,0,0,0,0,0
0,0,0,0,0,0,0,6.58,18.03,23.33,24.93,25.76,25.94,25.71,24.86,22.58,15.83,3.41,0,0,0,0,0,0
0,0,0,0,0,0,0,6.04,16.84,21.84,21.61,18.6,22.26,23.91,24.46,22.08,14.98,2.58,0,0,0,0,0,0
0,0,0,0,0,0,0,5.22,15.68,19.42,20.13,18.97,21.63,22.74,22.98,19.48,12.41,1.24,0,0,0,0,0,0
0,0,0,0,0,0,0,3.11,10.31,17.21,22.03,24.14,24.5,24.01,22.42,20.42,15.09,2.71,0,0,0,0,0,0
0,0,0,0,0,0,0,6.08,16.11,19.66,20.1,18.74,20.66,21.96,22,19.96,15.21,3.45,0,0,0,0,0,0
0,0,0,0,0,0,0,6.02,17.03,21.86,23.33,23.52,23.86,23.69,22.62,20.95,15.51,3.52,0,0,0,0,0,0
0,0,0,0,0,0,0,6.57,17.54,22.69,23.84,22.31,23.81,24.56,24.2,22.16,16.31,3.87,0,0,0,0,0,0
0,0,0,0,0,0,0,6.16,16.87,21.98,23.84,24.22,23.11,21.18,17.35,12.47,6.55,0.53,0,0,0,0,0,0
0,0,0,0,0,0,0,3.9,13.48,18.83,21.23,21.96,24.56,25.6,24.98,22.66,15.79,3.93,0,0,0,0,0,0
0,0,0,0,0,0,0,6.59,17.02,21.16,21.17,18.95,20.51,21.49,21.1,15.61,8.199999999999999,0.55,0,0,0,0,0,0
0,0,0,0,0,0,0,6.58,17.43,22.3,23.97,24.15,23.79,22.88,20.96,18.21,11.79,2.6,0,0,0,0,0,0
0,0,0,0,0,0,0,5.59,15.99,20.08,21.59,21.8,22.19,21.94,20.76,18.15,11.78,2.71,0,0,0,0,0,0
0,0,0,0,0,0,0,5.38,13.75,18.86,21.23,22.12,23.06,23.39,22.89,20.35,15.07,3.68,0,0,0,0,0,0
0,0,0,0,0,0,0,6.29,16.11,20.29,21.91,22.15,23.64,24.43,24.23,22.04,16.25,4.26,0,0,0,0,0,0
0,0,0,0,0,0,0,6.52,15.9,19.41,20.11,19.03,19.43,18.95,17.47,15.82,10.51,2.44,0,0,0,0,0,0
0,0,0,0,0,0,0,6.28,16.83,22.53,24.59,25.31,25.63,25.51,24.89,22.94,17.31,4.8,0,0,0,0,0,0
0,0,0,0,0,0,0,7.09,18.09,23.3,25.31,25.95,26.1,25.85,25.1,22.47,15.89,4.06,0,0,0,0,0,0
0,0,0,0,0,0,0,6.38,17.02,21.86,22.75,22.27,24.35,25.28,25.07,22.92,17.22,4.93,0,0,0,0,0,0
0,0,0,0,0,0,0,6.49,16.49,21.55,23.66,24.55,24.63,24.22,23,21.46,16.29,4.62,0,0,0,0,0,0
0,0,0,0,0,0,0,7.01,17.71,22.7,24.59,25.41,24.97,23.61,21.08,18.55,13.08,2.85,0,0,0,0,0,0
0,0,0,0,0,0,0,6.59,16.92,21.63,22.62,22.18,23.89,24.64,24.52,22.33,16.67,4.73,0,0,0,0,0,0
0,0,0,0,0,0,0,7.08,17.63,22.71,24.69,25.65,25.74,25.62,24.9,23.17,17.42,5.09,0,0,0,0,0,0
0,0,0,0,0,0,0,6.93,17.65,22.46,23.75,23.46,24.4,24.7,24.19,22.48,17.06,5.1,0,0,0,0,0,0
0,0,0,0,0,0,0,6.12,14.16,19.02,21.26,22.09,24.11,25.14,24.9,22.94,17.31,5.19,0,0,0,0,0,0
0,0,0,0,0,0,0,6.87,16.66,21.52,23.46,24.31,25.26,25.45,24.71,23,17.37,5.24,0,0,0,0,0,0
0,0,0,0,0,0,0,8.470000000000001,18.03,22.82,24.77,25.52,25.85,25.75,25.08,23.19,17.7,5.4,0,0,0,0,0,0
0,0,0,0,0,0,0,8.59,18.01,22.71,24.61,25.15,25.45,25.5,24.89,23.09,17.7,5.44,0,0,0,0,0,0
0,0,0,0,0,0,0,8.800000000000001,18.65,22.74,23.59,22.38,23.4,23.66,23.37,22.03,17.25,5.44,0,0,0,0,0,0
0,0,0,0,0,0,0,8.9,18.33,22.39,23.38,22.4,24.01,24.77,24.65,22.65,17.07,5.25,0,0,0,0,0,0
0,0,0,0,0,0,0,8.949999999999999,18.87,23.05,23.98,23.37,22.06,18.85,13.38,9.949999999999999,6.27,0.89,0,0,0,0,0,0
0,0,0,0,0,0,0,8.93,18.35,22.95,24.62,25.19,25.4,25.24,24.47,22.94,17.5,5.4,0,0,0,0,0,0
0,0,0,0,0,0,0,6.42,7.39,10.96,13.6,15.46,17.16,18.06,17.72,17.07,14.64,4.57,0,0,0,0,0,0
0,0,0,0,0,0,0,9.550000000000001,19.04,23.13,24.29,23.96,22.45,19.17,13.55,11.24,7.78,1.76,0,0,0,0,0,0
0,0,0,0,0,0,0,9.140000000000001,17.09,22.06,24.29,25.07,25.21,25.08,24.36,22.45,16.89,5.55,0,0,0,0,0,0
0,0,0,0,0,0,0,9.380000000000001,19.13,23.4,24.97,25.4,25.7,25.58,24.97,23.17,17.82,5.67,0,0,0,0,0,0
0,0,0,0,0,0,0,9.630000000000001,18.97,23.42,25.05,25.59,25.69,25.4,24.61,22.95,17.74,5.72,0,0,0,0,0,0
0,0,0,0,0,0,0,9.699999999999999,18.12,21.65,21.58,19.61,21.95,23,23.29,21.58,16.73,5.3,0,0,0,0,0,0
0,0,0,0,0,0,0,9.380000000000001,17.43,21.94,23.67,24.43,24.55,24.3,23.35,21.25,15.95,4.88,0,0,0,0,0,0
0,0,0,0,0,0,0,9.98,19.02,22.27,21.81,19.59,21.91,23.04,23.27,21.52,16.67,5.31,0,0,0,0,0,0
0,0,0,0,0,0,0,9.640000000000001,19.19,22.87,23.08,22.22,23.56,24.26,24.07,21.86,15.95,4.9,0,0,0,0,0,0
0,0,0,0,0,0,0.02,9.43,17.59,19.6,18.55,15.63,20.85,23.45,24.12,22.1,16.86,5.42,0,0,0,0,0,0
0,0,0,0,0,0,0.03,10.1,18.45,20.98,19.44,15.6,15.89,15.29,13.08,10.19,6.46,0.96,0,0,0,0,0,0
0,0,0,0,0,0,0.02,7.47,11.53,18.98,23.14,25.03,25.36,25.34,24.71,23.1,17.94,5.92,0,0,0,0,0,0
0,0,0,0,0,0,0.05,8.83,19.44,22.94,23.93,23.67,24.53,24.83,24.58,22.85,17.59,5.8,0,0,0,0,0,0
0,0,0,0,0,0,0.05,9.06,19.84,23.34,24.32,23.94,23.76,23.1,21.39,21.75,18.25,5.97,0,0,0,0,0,0
0,0,0,0,0,0,0.06,9.15,19.72,23.69,25.08,25.5,25.51,25.06,24.13,22.73,17.74,5.93,0,0,0,0,0,0
0,0,0,0,0,0,0.06,9.32,20.42,23.84,25,25.15,25.15,24.74,24.05,22.52,17.76,6.55,0,0,0,0,0,0
0,0,0,0,0,0,0.08,9.31,19.62,23.18,24.73,25.28,25.4,25.23,24.57,22.88,17.87,6.01,0,0,0,0,0,0
0,0,0,0,0,0,0.08,9.289999999999999,19.07,23.44,25.08,25.59,25.84,25.75,25.13,23.31,18.31,6.04,0,0,0,0,0,0
0,0,0,0,0,0,0.09,9.51,20.23,22.46,20.77,15.66,20.71,23.28,24.01,20.79,13.05,2.65,0,0,0,0,0,0
0,0,0,0,0,0,0.05,8.75,18.01,22.4,24.28,25.06,25.24,25.04,24.37,22.84,17.86,6.04,0,0,0,0,0,0
0,0,0,0,0,0,0.11,9.58,20.35,23.47,24.54,24.61,24.42,22.64,17.77,19.79,16.98,5.89,0,0,0,0,0,0
0,0,0,0,0,0,0.09,10.08,16.09,20.81,22.81,23.75,24.46,24.63,24.31,22.76,17.66,5.96,0,0,0,0,0,0
0,0,0,0,0,0,0.08,6.63,8.359999999999999,18.57,23.9,25.59,25.62,25.38,24.61,23.01,17.95,6.05,0,0,0,0,0,0
0,0,0,0,0,0,0.11,9.5,20.11,22.35,20.8,15.77,20.87,23.56,24.4,19.99,10.83,1.01,0,0,0,0,0,0
0,0,0,0,0,0,0.11,9.5,20.42,23.41,24.59,24.85,24.72,24.22,22.92,19.97,13.68,3.57,0,0,0,0,0,0
0,0,0,0,0,0,0.09,9.83,18.23,20.67,20.8,19.5,19.77,19.36,17.99,16.32,11.24,3.58,0,0,0,0,0,0
0,0,0,0,0,0,0.14,9.449999999999999,19.08,22.41,23.21,23.24,23.9,24.21,23.88,22.24,17.3,5.73,0,0,0,0,0,0
0,0,0,0,0,0,0.15,9.470000000000001,18.08,21.79,23.24,23.84,24.65,24.93,24.5,22.93,17.82,6.04,0,0,0,0,0,0
0,0,0,0,0,0,0.17,10.59,12.2,20.85,23.87,24.64,24.79,24.72,24.09,22.49,17.5,5.87,0,0,0,0,0,0
0,0,0,0,0,0,0.18,9.449999999999999,16.91,22.23,24.89,25.48,25.6,25.51,24.83,23.12,17.96,6.64,0,0,0,0,0,0
0,0,0,0,0,0,0.2,11.57,19.09,22.37,23.72,24.18,24.7,24.91,24.35,22.82,17.66,5.94,0,0,0,0,0,0
0,0,0,0,0,0,0.2,10.92,18.4,22.59,24.18,24.79,25.17,25.19,24.61,21.84,13.7,2.69,0,0,0,0,0,0
0,0,0,0,0,0,0.2,10.83,16.81,20.59,22.53,23.44,24.25,24.71,24.32,22.62,17.48,5.92,0,0,0,0,0,0
0,0,0,0,0,0,0.11,6.75,12.74,14.31,15.96,15.65,18.52,20.23,21.03,17.12,10.78,2.38,0,0,0,0,0,0
0,0,0,0,0,0,0.15,5.21,8.75,13.93,17.7,19.64,20.77,21.42,21.08,19.24,15.31,4.95,0,0,0,0,0,0
0,0,0,0,0,0,0.39,12.77,20.68,23.46,24.11,23.57,24.83,25.21,24.8,22.38,14.27,2.68,0,0,0,0,0,0
0,0,0,0,0,0,0.38,12.59,20.95,23.58,24.37,24.32,24.79,24.76,24.13,22.74,17.82,6,0,0,0,0,0,0
0,0,0,0,0,0,0.46,12.62,19.93,22.47,22.51,21.75,24.05,24.96,24.63,22.98,17.82,6,0,0,0,0,0,0
0,0,0,0,0,0,0.37,10.1,12.52,18.06,21.02,22.27,24.44,25.33,24.82,23.13,17.95,6.64,0,0,0,0,0,0
0,0,0,0,0,0,0.45,8.48,8.869999999999999,17.8,22.74,24.76,25.15,25.24,24.64,22.96,17.87,6.65,0,0,0,0,0,0
0,0,0,0,0,0,1.16,12.74,18.89,22.55,24.36,24.99,25.25,25.16,24.47,22.84,17.79,6.64,0,0,0,0,0,0
0,0,0,0,0,0,0.35,10.25,16.28,20.81,22.89,23.65,24.51,24.92,24.37,22.86,17.59,5.9,0,0,0,0,0,0
0,0,0,0,0,0,0.87,11.5,12.52,17.96,20.95,22.18,22.81,23.19,22.76,21.1,16.47,5.49,0,0,0,0,0,0
0,0,0,0,0,0,0.68,11.9,18.77,20.9,20.84,19.44,22.18,23.54,23.83,22.4,17.47,5.87,0,0,0,0,0,0
0,0,0,0,0,0,1.41,13.08,20.58,23.42,24.54,24.86,25.01,24.77,23.97,22.08,16.92,5.6,0,0,0,0,0,0
0,0,0,0,0,0,1.81,12.34,18.84,21.95,23.1,23.55,23.57,23.43,22.55,21.37,16.94,5.79,0,0,0,0,0,0
0,0,0,0,0,0,1.71,12.47,17.2,20.73,22.61,23.28,23.84,24.19,23.71,21.37,15.95,5.01,0,0,0,0,0,0
0,0,0,0,0,0,0.62,8.83,12.76,16.09,18.6,19.33,18.31,16.47,13.5,9.960000000000001,6.29,0.99,0,0,0,0,0,0
0,0,0,0,0,0,1.66,11.45,12.55,19.93,23.05,24.46,24.54,24.47,23.79,21.55,15.71,5.08,0,0,0,0,0,0
0,0,0,0,0,0,1.72,11.96,16.63,20.8,22.64,23.29,22.39,20.84,17.41,19.44,16.81,5.95,0,0,0,0,0,0
0,0,0,0,0,0,0.66,10.73,16.6,20.99,22.81,23.42,23.12,22.44,20.84,16.81,10.58,2.39,0,0,0,0,0,0
0,0,0,0,0,0,1.73,11.61,16.43,21.19,23.4,24.41,24.22,23.77,22.54,21.71,17.32,5.94,0,0,0,0,0,0
0,0,0,0,0,0,2.38,13.87,20.92,23.12,23.45,22.81,23.74,24.17,23.86,22.19,17.17,5.86,0,0,0,0,0,0
0,0,0,0,0,0,2.32,13.19,19.39,22.29,23.52,23.56,24.52,24.67,24.09,22.47,17.48,6.59,0,0,0,0,0,0
0,0,0,0,0,0,2.55,13.73,20.73,23.22,24.26,24.49,24.51,24.29,23.49,21.96,17.05,5.86,0,0,0,0,0,0
0,0,0,0,0,0,1.74,8.369999999999999,9.140000000000001,16.9,21.31,23.33,24.31,24.43,23.87,22.34,17.42,6.62,0,0,0,0,0,0
0,0,0,0,0,0,1.08,9.25,12.69,21.32,24.47,25.19,25.06,24.72,23.63,22.04,17.1,5.9,0,0,0,0,0,0
0,0,0,0,0,0,2.38,12.05,17.09,21.15,23.31,24.3,24.29,24.16,23.41,21.64,16.6,5.62,0,0,0,0,0,0
0,0,0,0,0,0,2.25,12.54,18.81,21.96,23.12,23.45,24.14,24.36,23.66,21.61,15.87,5.16,0,0,0,0,0,0
0,0,0,0,0,0,2.41,13.39,20.7,23.34,24.19,24.3,24.33,24.14,23.4,21.61,16.55,5.49,0,0,0,0,0,0
0,0,0,0,0,0,2.59,13.86,21.32,23.54,23.88,23.78,24.21,24.24,23.71,21.84,16.63,5.6,0,0,0,0,0,0
0,0,0,0,0,0,2.78,13.63,20.63,23.34,24.43,24.75,24.72,24.5,23.86,22.23,17.1,5.88,0,0,0,0,0,0
0,0,0,0,0,0,3.57,15.1,21.75,23.87,24.03,23.06,23.62,23.92,23.42,21.6,16.48,5.54,0,0,0,0,0,0
0,0,0,0,0,0,0.62,7.91,13.36,19.97,22.76,23.97,23.87,23.49,22.33,19.46,13.33,3.64,0,0,0,0,0,0
0,0,0,0,0,0,2.56,13.81,21.44,23.82,24.6,24.59,24.88,24.79,24.4,21.49,13.45,2.79,0,0,0,0,0,0
0,0,0,0,0,0,3.52,13.81,20.81,23.54,24.56,24.78,25.01,24.79,24.12,22.52,17.31,6.06,0,0,0,0,0,0
0,0,0,0,0,0,3.73,13.99,20.95,23.39,24.4,24.68,24.94,24.84,24.42,22.66,17.45,6.05,0,0,0,0,0,0
0,0,0,0,0,0,3.55,13.3,19.39,22.49,24.02,24.51,24.49,24.28,23.54,22.01,17.11,6,0,0,0,0,0,0
0,0,0,0,0,0,2.24,12,19.37,22.63,24.09,24.56,23.71,21.87,17.5,12.89,7.22,1.08,0,0,0,0,0,0
0,0,0,0,0,0,0.96,8.73,13.29,18.96,22.12,23.31,23.5,23.48,22.7,20.71,15.67,5.22,0,0,0,0,0,0
0,0,0,0,0,0,3.01,12.92,17.67,21.64,23.63,24.41,24.49,24.45,23.73,22.12,17.14,6.08,0,0,0,0,0,0
0,0,0,0,0,0,3.02,13.66,20.81,23.04,23.61,23.34,23.81,24.06,23.5,22.04,17.14,6.14,0,0,0,0,0,0
0,0,0,0,0,0,2.71,13.3,20.48,23.22,24.2,24.62,24.79,24.65,23.9,22.28,17.25,6.11,0,0,0,0,0,0
0,0,0,0,0,0,2.94,13.83,20.98,23.31,23.76,23.3,23.84,24.14,23.6,21.83,16.78,5.87,0,0,0,0,0,0
0,0,0,0,0,0,3.76,14.06,21.15,23.48,24.26,24.35,24.48,24.24,23.46,21.43,16.38,5.8,0,0,0,0,0,0
0,0,0,0,0,0,3.96,13.14,16.97,21.16,23.41,24.47,24.42,24.25,23.47,21.66,16.65,5.92,0,0,0,0,0,0
0,0,0,0,0,0,2.8,9.51,9.369999999999999,15.91,19.57,21.88,22.22,22.25,21.53,19.57,15.27,5.38,0,0,0,0,0,0
0,0,0,0,0,0,3.96,13.76,20.3,22.44,22.59,21.78,21.22,20.11,17.46,12.91,7.25,1.13,0,0,0,0,0,0
0,0,0,0,0,0,2.81,12.3,16.68,20.04,21.33,21.67,21.74,21.51,20.46,18.06,13.07,4.49,0,0,0,0,0,0
0,0,0,0,0,0,2.58,10.33,12.21,17.85,20.39,21.3,20.68,19.4,17.05,13.69,10.32,3.4,0,0,0,0,0,0
0,0,0,0,0,0,0.51,3.16,5.09,9.050000000000001,13.13,15.58,15.62,14.96,12.76,9.859999999999999,6.37,1.18,0,0,0,0,0,0
0,0,0,0,0,0,0.95,6.34,9.1,14.13,17.41,19.09,18.14,16.2,13.23,9.77,6.28,1.17,0,0,0,0,0,0
0,0,0,0,0,0,0.66,5.66,9.4,14.38,17.69,19.34,19.29,18.65,16.58,12.6,7.13,1.17,0,0,0,0,0,0
0,0,0,0,0,0,0.4,4.64,9.460000000000001,12.34,14.71,15.52,16.87,17.29,17.03,12.62,7.19,1.19,0,0,0,0,0,0
0,0,0,0,0,0,3.8,10.99,9.359999999999999,12.21,14.56,15.37,16.76,17.28,17.09,12.6,7.19,1.19,0,0,0,0,0,0
0,0,0,0,0,0,0.9399999999999999,6.38,9.119999999999999,16.97,21.43,23.35,23.89,24.02,23.61,20.41,12.83,3.92,0,0,0,0,0,0
0,0,0,0,0,0,3.82,13.92,21.13,23.76,24.67,24.8,24.3,23.53,21.94,16.93,9.6,1.21,0,0,0,0,0,0
0,0,0,0,0,0,0.66,5.71,9.449999999999999,12.45,14.84,15.62,15.67,14.95,12.71,8.66,3.77,0.58,0,0,0,0,0,0
0,0,0,0,0,0,3.8,13.07,17.78,20.77,22.33,22.79,22.82,22.61,21.84,18.42,11.94,4.01,0,0,0,0,0,0
0,0,0,0,0,0,0.66,5.59,9.17,13.91,17.09,18.76,18.26,17.06,14.88,11.04,6.71,1.25,0,0,0,0,0,0
0,0,0,0,0,0,2.7,12.53,18.85,22.07,23.37,23.7,23.89,23.86,23.25,20.99,15.53,5.62,0,0,0,0,0,0
0,0,0,0,0,0,2.86,12,12.41,14.69,15.19,15.07,16.49,16.91,16.26,12.4,6.92,1.13,0,0,0,0,0,0
0,0,0,0,0,0,2.28,9.69,11.88,16.04,18.31,18.79,18.82,18.29,16.11,13.13,9.17,2.55,0,0,0,0,0,0
0,0,0,0,0,0,0.28,2.2,4.82,7.27,9.32,10.14,10.23,9.58,8.09,5.36,2.74,0.57,0,0,0,0,0,0
0,0,0,0,0,0,1.98,11.12,16.14,18.33,19.1,18.79,19.39,19.37,18.42,16.23,11.09,3.85,0,0,0,0,0,0
0,0,0,0,0,0,2.11,11.63,16.81,20.74,22.29,23.01,23.06,22.87,21.92,20.34,15.73,5.81,0,0,0,0,0,0
0,0,0,0,0,0,2.93,13.14,19.56,21.75,21.65,20.78,20.59,20.02,18.07,15.12,9.6,2.69,0,0,0,0,0,0
0,0,0,0,0,0,2.63,12.45,18.6,20.26,20.06,18.61,19.65,20.24,19.84,13.71,6.33,0.6,0,0,0,0,0,0
0,0,0,0,0,0,0.52,5.21,9.050000000000001,14.01,17.26,18.89,17.73,15.89,12.97,13.7,11.23,5.36,0,0,0,0,0,0
0,0,0,0,0,0,2.62,12.42,18.4,21.77,23.35,24.03,23.76,23.15,21.87,18.92,13.01,4.53,0,0,0,0,0,0
0,0,0,0,0,0,2.5,12.89,19.99,23,24.24,24.51,24.13,23.37,21.88,18.11,11.57,3.21,0,0,0,0,0,0
0,0,0,0,0,0,2.44,12.71,19.74,22.77,24.05,24.33,23.29,21.17,16.87,13.16,9.23,2.8,0,0,0,0,0,0
0,0,0,0,0,0,0.48,5.09,8.859999999999999,10.55,10.54,10.06,10.13,9.460000000000001,8,5.31,2.76,0.6,0,0,0,0,0,0
0,0,0,0,0,0,2.98,6.56,4.81,7.09,9.220000000000001,10.11,12.16,13.07,13.27,9.82,6.32,1.29,0,0,0,0,0,0
0,0,0,0,0,0,0.63,3.6,4.73,9.140000000000001,12.63,15.32,15.47,14.82,12.68,9.779999999999999,6.34,1.32,0,0,0,0,0,0
0,0,0,0,0,0,1.16,8.73,12.49,15.74,18.27,19.11,19.05,18.43,16.22,13.26,9.390000000000001,2.93,0,0,0,0,0,0
0,0,0,0,0,0,0.8100000000000001,8.039999999999999,12.62,15.81,18.19,18.85,18.93,18.45,17.04,13.35,9.460000000000001,3.04,0,0,0,0,0,0
0,0,0,0,0,0,3.25,11.51,16,18.19,18.95,18.71,18.83,18.35,16.97,13.33,9.48,3.03,0,0,0,0,0,0
0,0,0,0,0,0,3.15,11.58,16.18,18.93,19.28,19.13,19.09,18.5,17.01,15.48,10.9,4.92,0,0,0,0,0,0
0,0,0,0,0,0,2.52,13.17,20.76,23.49,24.5,24.69,24.22,22.92,20.07,17.83,11.73,4.93,0,0,0,0,0,0
0,0,0,0,0,0,2.18,12.38,19.39,21.38,20.79,18.67,18.67,18.11,16.09,12.49,7.24,1.39,0,0,0,0,0,0
0,0,0,0,0,0,2.08,9.24,12.17,18.12,21.4,22.82,20.75,16.04,8.23,8.73,7.28,3.14,0,0,0,0,0,0
0,0,0,0,0,0,2.22,11.7,17.49,19.37,19.31,18.67,19.81,20.39,20.06,18.39,14.87,5.93,0,0,0,0,0,0
0,0,0,0,0,0,0.92,11.43,18.53,22.29,23.81,24.4,23.12,20.95,16.68,13.23,9.52,3.16,0,0,0,0,0,0
0,0,0,0,0,0,0.72,7.85,12.49,15.7,18.19,18.91,21.62,22.97,23.34,19.82,12.73,4.27,0,0,0,0,0,0
0,0,0,0,0,0,2.01,11.83,16,18.77,19.14,18.94,17.98,16.06,13.19,11,7.86,3.22,0,0,0,0,0,0
0,0,0,0,0,0,2.02,12.29,19.32,21.99,22.56,22.29,23.12,23.59,23.16,21.07,16.11,6.1,0,0,0,0,0,0
0,0,0,0,0,0,3.19,12.23,19.46,22.62,23.8,23.87,24,23.83,23.07,20.9,16.01,6.13,0,0,0,0,0,0
0,0,0,0,0,0,2.08,11.17,15.75,18.05,18.93,18.74,17.72,15.98,13.17,9.85,6.49,1.47,0,0,0,0,0,0
0,0,0,0,0,0,2,11.12,15.7,17.93,18.72,18.51,19.72,20.47,20.29,16.48,10.64,3.29,0,0,0,0,0,0
0,0,0,0,0,0,0.29,4.24,9.050000000000001,11.87,13.95,15.24,16.73,17.6,17.34,15.93,11.59,6.1,0,0,0,0,0,0
0,0,0,0,0,0,2.58,13.18,20.23,22.89,23.67,23.98,23.78,23.24,22.04,18.84,12.63,4.01,0,0,0,0,0,0
0,0,0,0,0,0,0.29,4.18,8.92,11.88,14.05,15.49,16.84,17.53,17.11,15.79,11.6,6.11,0,0,0,0,0,0
0,0,0,0,0,0,0.35,2.73,4.66,7.12,9.24,10.16,10.29,9.69,8.32,5.63,3.13,0.8100000000000001,0,0,0,0,0,0
0,0,0,0,0,0,0.21,2.04,4.64,8.49,12.63,15.38,13.83,11.49,7.83,5.67,3.12,0.83,0,0,0,0,0,0
0,0,0,0,0,0,0.75,5.05,4.62,6.93,9.109999999999999,10.02,10.15,9.550000000000001,8.199999999999999,5.65,3.12,0.83,0,0,0,0,0,0
0,0,0,0,0,0,0.19,2.06,4.64,9.119999999999999,12.66,15.33,13.87,11.57,7.92,5.73,3.17,0.83,0,0,0,0,0,0
0,0,0,0,0,0,0.19,2.04,4.65,7.03,9.289999999999999,10.25,10.41,9.77,8.380000000000001,5.75,3.16,0.83,0,0,0,0,0,0
0,0,0,0,0,0,0.18,2.03,4.65,7.01,9.25,10.17,10.32,9.710000000000001,8.32,5.71,3.19,0.83,0,0,0,0,0,0
0,0,0,0,0,0,0.31,5.97,12.88,14.39,16.31,16.42,15.12,12.52,8.609999999999999,6.11,3.32,0.84,0,0,0,0,0,0
0,0,0,0,0,0,0.36,5.06,8.800000000000001,13.57,17.19,19.05,19.11,18.63,17.31,16.9,15.23,8.029999999999999,0,0,0,0,0,0
0,0,0,0,0,0,0.5,5.64,8.74,11.85,14.04,15.4,15.53,14.95,12.92,10.18,6.79,1.89,0,0,0,0,0,0
0,0,0,0,0,0,0.44,7.44,12.77,17.37,20.26,21.56,23.16,23.98,23.51,21.41,15.88,6.2,0,0,0,0,0,0
0,0,0,0,0,0,1.92,12.23,18.64,21.73,22.82,23.15,23.22,23.12,22.47,19.22,13.02,4.15,0,0,0,0,0,0
0,0,0,0,0,0,0.41,5.53,8.77,11.95,14.14,15.48,13.96,11.57,7.92,7.72,4.96,1.81,0,0,0,0,0,0
0,0,0,0,0,0,0.22,4.01,8.94,10.44,10.54,10.15,13.9,16.29,17.46,12.18,5.93,0.84,0,0,0,0,0,0
0,0,0,0,0,0,0.26,2.58,4.54,6.94,9.199999999999999,10.15,12.24,13.25,13.55,11.49,8.5,3.99,0,0,0,0,0,0
0,0,0,0,0,0,0.57,7.92,12.52,14.52,16.64,17.23,16.52,15.11,12.75,10.1,6.76,1.87,0,0,0,0,0,0
0,0,0,0,0,0,0.54,10.89,18.25,22.12,23.65,24.32,23.77,22.52,19.9,18.23,15.01,6.66,0,0,0,0,0,0
0,0,0,0,0,0,1.92,13.13,20.55,23.03,23.55,23.11,22.01,20.31,16.93,13.64,10.11,3.96,0,0,0,0,0,0
0,0,0,0,0,0,0.32,7.17,12.67,13.99,15.57,15.32,16.75,17.49,17.1,15.41,10.97,5.37,0,0,0,0,0,0
0,0,0,0,0,0,0.55,6.97,8.6,14.35,18.4,20.72,21.89,22.56,22.49,17.57,10.37,1.86,0,0,0,0,0,0
0,0,0,0,0,0,1.61,12.05,18.55,21.77,23.01,23.56,23.03,22.18,20.51,16.88,11.06,3.96,0,0,0,0,0,0
0,0,0,0,0,0,1.65,11.64,18.37,19.71,21.23,21.77,20.13,17.63,13.38,10.11,6.62,1.73,0,0,0,0,0,0
0,0,0,0,0,0,0.5600000000000001,10.3,15.93,18.37,19.26,19.06,19.04,18.53,17.11,13.7,10.1,3.84,0,0,0,0,0,0
0,0,0,0,0,0,0.48,9.98,15.73,18.18,19.12,18.92,17.96,16.28,13.45,8.98,4.19,0.79,0,0,0,0,0,0
0,0,0,0,0,0,0.15,3.24,8.69,11.73,14.05,15.53,15.62,14.98,12.88,10.19,6.7,1.7,0,0,0,0,0,0
0,0,0,0,0,0,0.2,5.48,12.56,15.63,18.48,19.43,17.07,13.33,7.98,9.06,7.78,3.53,0,0,0,0,0,0
0,0,0,0,0,0,0.2,5.45,12.55,13.98,15.63,15.36,18.08,19.74,20.47,14.23,6.69,0.76,0,0,0,0,0,0
0,0,0,0,0,0,0.54,10.46,15.66,19.51,20.98,21.51,19.9,17.5,13.31,11.26,8.279999999999999,3.59,0,0,0,0,0,0
0,0,0,0,0,0,0.68,11.29,17.96,20.62,21.28,21.11,20.9,20.39,18.62,15.86,10.5,3.65,0,0,0,0,0,0
0,0,0,0,0,0,0.17,2.26,4.37,6.89,9.26,10.32,14.07,16.32,17.31,13.73,9.85,3.4,0,0,0,0,0,0
0,0,0,0,0,0,0.43,8.85,14.62,17.46,18.8,19.15,19.27,18.92,17.6,13.87,9.92,3.34,0,0,0,0,0,0
0,0,0,0,0,0,0.65,11.85,19.41,22.72,24.04,24.31,23.23,21.3,17.11,11.95,5.64,0.7,0,0,0,0,0,0
0,0,0,0,0,0,0.36,8.81,15.52,18.12,19.12,18.99,19,18.5,17.11,12.96,7.58,1.45,0,0,0,0,0,0
0,0,0,0,0,0,0.25,6.94,12.39,13.39,12.49,10,10.27,9.6,8.16,5.61,3.04,0.68,0,0,0,0,0,0
0,0,0,0,0,0,0.07000000000000001,1.77,4.48,9.01,12.72,15.54,17.02,17.86,17.54,16.9,13.97,6.18,0,0,0,0,0,0
0,0,0,0,0,0,0.41,9.970000000000001,15.53,19.35,20.89,21.28,21.41,21.33,20.37,16.65,10.81,3.21,0,0,0,0,0,0
0,0,0,0,0,0,0.15,5.28,12.62,18.37,21.86,23.24,22.73,21.92,20.21,15.72,9.18,1.43,0,0,0,0,0,0
0,0,0,0,0,0,0.07000000000000001,1.74,4.47,10.48,15.85,19.18,19.24,18.77,17.37,13.78,9.82,3.17,0,0,0,0,0,0
0,0,0,0,0,0,0.21,3.01,4.47,7.04,9.359999999999999,10.39,10.52,9.85,8.359999999999999,5.63,3,0.64,0,0,0,0,0,0
0,0,0,0,0,0,0.06,1.76,4.47,10.62,16.04,19.58,19.46,18.86,17.3,13.71,9.76,3.1,0,0,0,0,0,0
0,0,0,0,0,0,0.14,5.25,12.62,15.87,18.49,19.22,19.2,18.64,17.18,13.61,9.699999999999999,3.02,0,0,0,0,0,0
0,0,0,0,0,0,0.21,6.01,12.58,13.81,12.75,10.22,10.55,9.9,8.460000000000001,5.67,2.95,0.63,0,0,0,0,0,0
0,0,0,0,0,0,0.09,3.01,8.73,11.94,14.19,15.57,14.09,11.64,7.91,8.85,7.29,2.96,0,0,0,0,0,0
0,0,0,0,0,0,0.09,3.02,8.710000000000001,7.04,9.359999999999999,10.4,10.56,9.880000000000001,8.390000000000001,7.55,4.57,1.28,0,0,0,0,0,0
0,0,0,0,0,0,0.26,4.43,4.51,9.15,12.86,15.71,17.19,17.66,17.54,13.83,9.75,2.87,0,0,0,0,0,0
0,0,0,0,0,0,0.27,8.84,15.76,20.05,21.82,22.53,22.73,22.69,21.97,17.25,9.82,1.24,0,0,0,0,0,0
0,0,0,0,0,0,0.05,1.76,4.48,7.05,9.35,10.39,12.46,13.42,13.57,10.03,6.4,1.23,0,0,0,0,0,0
0,0,0,0,0,0,0.5,11.55,19.19,22.4,23.29,23.3,22.77,21.97,20.01,16.37,10.44,2.71,0,0,0,0,0,0
0,0,0,0,0,0,0.12,5.22,12.57,17.38,19.96,21.45,21.2,20.74,18.9,18.02,14.08,5.25,0,0,0,0,0,0
0,0,0,0,0,0,0.55,12.33,20.42,23.28,24.3,24.45,23.37,21.37,17.09,13.61,9.529999999999999,2.59,0,0,0,0,0,0
0,0,0,0,0,0,0.34,10.12,15.8,19.73,21.25,21.69,20.9,19.51,17.08,13.55,9.48,2.53,0,0,0,0,0,0
0,0,0,0,0,0,0.05,1.77,4.51,9.890000000000001,14.53,17.46,19.23,20.31,20.36,15.46,8.640000000000001,1.07,0,0,0,0,0,0
0,0,0,0,0,0,0.38,8.890000000000001,12.18,15.94,18.57,19.29,21.11,22.17,22.28,16.42,7.29,0.5,0,0,0,0,0,0
0,0,0,0,0,0,0.05,1.76,4.53,7.11,9.41,10.44,10.56,9.85,8.31,5.46,2.74,0.48,0,0,0,0,0,0
0,0,0,0,0,0,0.38,5.95,4.56,7.14,9.470000000000001,10.45,11.53,11.68,10.73,7.9,4.68,1.01,0,0,0,0,0,0
0,0,0,0,0,0,0.05,1.76,4.54,7.13,9.35,10.21,14.03,16.37,17.49,15.7,10.66,3.34,0,0,0,0,0,0
0,0,0,0,0,0,0.31,11.51,20.46,23.35,24.07,24.04,23.46,22.5,20.33,16.44,10.17,1.75,0,0,0,0,0,0
0,0,0,0,0,0,0.2,6.03,12.4,15.41,17.77,18.39,17.99,16.46,13.6,12.86,8.869999999999999,3.09,0,0,0,0,0,0
0,0,0,0,0,0,0.17,7.52,15.79,20.36,22.31,23.13,22.64,21.78,19.98,16.29,10.11,1.63,0,0,0,0,0,0
0,0,0,0,0,0,0.47,11.72,18.23,20.56,20.54,19.16,19.18,18.63,16.39,13.34,9.130000000000001,1.56,0,0,0,0,0,0
0,0,0,0,0,0,0.23,7.24,13.26,14.56,14.57,19.79,18.51,16.44,13.34,9.859999999999999,6.26,0.97,0,0,0,0,0,0
0,0,0,0,0,0,0.46,11.85,19.98,22.64,22.96,22.23,21.43,20.19,17.46,12.8,7.08,0.93,0,0,0,0,0,0
0,0,0,0,0,0,1.46,13.35,21.11,23.31,21.58,15.64,15.71,15.01,12.73,9.779999999999999,6.12,0.88,0,0,0,0,0,0
0,0,0,0,0,0,0.26,5.61,8.82,14.1,17.6,19.44,18.27,16.36,13.31,8.609999999999999,3.51,0.38,0,0,0,0,0,0
0,0,0,0,0,0,0.26,5.61,8.9,14.18,17.64,19.37,19.86,19.97,18.71,16.4,11.06,3.06,0,0,0,0,0,0
0,0,0,0,0,0,0.55,12.44,20.58,23.35,23.91,23.54,22.86,21.87,19.86,19.01,15.47,4.75,0,0,0,0,0,0
0,0,0,0,0,0,0.2,4.86,8.970000000000001,14.11,17.52,19.23,20.17,20.68,20.24,16.38,10.17,1.94,0,0,0,0,0,0
0,0,0,0,0,0,0.26,5.63,8.890000000000001,15.32,19.4,21.43,21.52,21.24,20.15,15.48,8.48,0.76,0,0,0,0,0,0
0,0,0,0,0,0,1.41,12.56,19.1,20.84,20.66,19.1,18.26,16.58,13.6,10.99,7.27,1.25,0,0,0,0,0,0
0,0,0,0,0,0,0.13,3.95,9.15,10.78,10.83,10.33,10.62,9.970000000000001,8.44,5.37,2.53,0.31,0,0,0,0,0,0
0,0,0,0,0,0,0.13,3.97,9.19,12.17,14.15,15.22,16.8,17.27,17.23,12.56,6.74,0.65,0,0,0,0,0,0
0,0,0,0,0,0,0.26,5.67,8.970000000000001,15.37,19.42,21.63,22.43,22.78,22.3,20.67,15.71,4.17,0,0,0,0,0,0
0,0,0,0,0,0,0.26,8.890000000000001,16.24,20,21.36,21.84,21.86,21.54,20.27,18.98,15,3.89,0,0,0,0,0,0
0,0,0,0,0,0,0.6899999999999999,13.16,20.99,23.67,24.64,24.88,24.68,24.22,22.94,20.48,13.7,2.79,0,0,0,0,0,0
0,0,0,0,0,0,0.54,11.44,18.61,22.11,23.29,23.81,22.72,20.87,17.08,12.28,6.36,0.51,0,0,0,0,0,0
0,0,0,0,0,0,0.46,8.949999999999999,12.81,16.13,18.61,19.32,18.75,17.37,14.87,10.62,5.83,0.46,0,0,0,0,0,0
0,0,0,0,0,0,0.08,1.96,4.74,7.32,9.539999999999999,10.41,10.46,9.67,7.56,5,2.24,0.2,0,0,0,0,0,0
0,0,0,0,0,0,0.27,5.69,8.960000000000001,12.28,14.39,15.6,19.33,21.46,21.95,17.91,9.92,0.73,0,0,0,0,0,0
0,0,0,0,0,0,0.75,13.31,21.14,23.7,24.34,24.62,24.3,23.6,22.01,18.49,11.83,1.52,0,0,0,0,0,0
0,0,0,0,0,0,0.27,8.970000000000001,16.31,20.07,21.38,21.79,22.53,22.8,22.26,17.98,9.85,0.64,0,0,0,0,0,0
0,0,0,0,0,0,0.17,2.6,4.78,7.38,9.56,10.4,10.38,9.51,7.38,6.07,3.44,0.32,0,0,0,0,0,0
0,0,0,0,0,0,0.25,3.43,4.78,7.34,9.49,10.32,12.24,12.96,12.91,9.109999999999999,5.15,0.3,0,0,0,0,0,0
0,0,0,0,0,0,0.59,12.43,20.29,23.39,24.63,24.94,24.15,22.6,19.77,15.66,8.949999999999999,0.5,0,0,0,0,0,0
0,0,0,0,0,0,0.42,10.46,16.51,21.02,22.83,23.65,22.9,21.45,19.07,16.8,9.949999999999999,0.6899999999999999,0,0,0,0,0,0
0,0,0,0,0,0,0.42,10.27,16.17,17.72,17.35,15.35,16.07,16.06,14.7,11.24,7.86,0.42,0,0,0,0,0,0
0,0,0,0,0,0,0.14,4.16,9.09,13.33,15.62,16.89,17.47,16.99,15.42,15.97,13.3,1.43,0,0,0,0,0,0
0,0,0,0,0,0,0.59,11.58,18.87,21.63,21.99,21.72,20.85,19.05,16.35,10.77,3.98,0.08,0,0,0,0,0,0
0,0,0,0,0,0,0.38,9.07,15.19,18.83,21.23,22.06,22.05,18.22,11.65,9.67,6.16,0.3,0,0,0,0,0,0
0,0,0,0,0,0,1.46,13.01,20.22,23.14,23.93,23.97,22.59,19.07,11.97,9.84,6.25,0.28,0,0,0,0,0,0
0,0,0,0,0,0,0.6,11.63,18.77,22.42,23.88,24.38,24.26,23.52,21.95,20.1,14.27,0.7,0,0,0,0,0,0
0,0,0,0,0,0,0.22,5.05,9.17,12.22,14.37,15.57,18.2,19.7,20.19,14.62,6.35,0.16,0,0,0,0,0,0
0,0,0,0,0,0,0.25,7.32,12.88,17.53,20.43,21.82,20.43,17.79,12.39,7.76,2.4,0.04,0,0,0,0,0,0
0,0,0,0,0,0,0.22,5.01,9.09,12.13,14.24,15.47,16.85,16.99,15.81,11.67,5.39,0.12,0,0,0,0,0,0
0,0,0,0,0,0,0.66,11.07,11.73,15.75,18.15,18.74,17.41,15.42,11.65,8.6,4.49,0.11,0,0,0,0,0,0
0,0,0,0,0,0,0.48,9.050000000000001,12.77,15.76,18.19,18.8,21.71,22.96,23.2,20.18,12.09,0.24,0,0,0,0,0,0
0,0,0,0,0,0,0.48,11.77,18.89,21.58,22.01,21.8,21.88,21.34,19.82,17,10.09,0.19,0,0,0,0,0,0
0,0,0,0,0,0,0.66,12.17,19.07,22.39,23.49,23.85,24.48,24.46,23.5,21.11,13.79,0.25,0,0,0,0,0,0
0,0,0,0,0,0,0.62,11.71,16.5,18.72,19.49,19.25,19.61,19.17,17.7,15.24,8.619999999999999,0.16,0,0,0,0,0,0
0,0,0,0,0,0,0.4,7.16,8.75,13.8,17.47,19.38,20.58,20.91,20.15,15.54,8,0.11,0,0,0,0,0,0
0,0,0,0,0,0,0.57,12.42,20.12,23.07,23.83,23.85,23.32,22.09,19.73,17.31,10.35,0.16,0,0,0,0,0,0
0,0,0,0,0,0,0.36,10.34,16.17,20.82,22.99,24.06,24.88,24.94,24.02,21.35,13.54,0.18,0,0,0,0,0,0
0,0,0,0,0,0,0.92,13.4,21.14,23.82,24.39,23.91,23.49,22.23,19.81,17.61,10.18,0.15,0,0,0,0,0,0
0,0,0,0,0,0,1.28,12.4,18.4,21.8,23.19,23.85,23.33,22.1,19.69,15.06,7.57,0.08,0,0,0,0,0,0
0,0,0,0,0,0,0.22,7.14,12.65,17.6,20.63,22.18,21.32,19.27,15.49,11.08,4.65,0.02,0,0,0,0,0,0
0,0,0,0,0,0,0.41,8.779999999999999,12.5,17.59,20.63,22.17,21.33,19.28,15.51,11.07,4.61,0.02,0,0,0,0,0,0
0,0,0,0,0,0,0.54,11.88,18.87,20.14,18.52,15.26,13.48,10.21,6.69,4.07,1.45,0,0,0,0,0,0,0
0,0,0,0,0,0,0.33,10.23,16.12,18.52,19.32,19.13,19.1,18.21,14.68,11.84,6.55,0.05,0,0,0,0,0,0
0,0,0,0,0,0,0.1,3.36,8.960000000000001,12.54,15.59,16.82,17.6,17.08,14.65,11.81,6.52,0.05,0,0,0,0,0,0
0,0,0,0,0,0,0.55,11.92,16.9,20.77,23.04,24.12,24.12,23.46,22.02,17.1,7.76,0.04,0,0,0,0,0,0
0,0,0,0,0,0,0.22,5.45,8.73,10.37,10.33,9.859999999999999,10.73,10.58,8.550000000000001,6.01,2.66,0,0,0,0,0,0,0
0,0,0,0,0,0,0.34,5.44,4.52,6.81,9.029999999999999,9.81,9.73,8.779999999999999,6.36,4.92,2.22,0,0,0,0,0,0,0
0,0,0,0,0,0,0.23,10.84,18.92,21.89,22.42,22.26,20.13,17.08,11.37,7.9,3.43,0,0,0,0,0,0,0
0,0,0,0,0,0,0.16,4.68,8.76,11.69,13.72,15.02,14.58,13.42,11.09,7.91,2.9,0,0,0,0,0,0,0
0,0,0,0,0,0,0.08,3.19,8.81,13.56,17.14,18.89,19.76,20.07,19.02,12.52,4.79,0,0,0,0,0,0,0
0,0,0,0,0,0,0.17,6.88,12.52,15.4,18.15,18.94,19.88,20.26,19.26,16.86,9.42,0.06,0,0,0,0,0,0
0,0,0,0,0,0,0.28,10.44,15.6,19.62,21.38,22.04,18.96,13.9,6.92,3.77,1.24,0,0,0,0,0,0,0
0,0,0,0,0,0,0.13,4.5,8.73,11.7,13.77,14.7,14.54,13.3,10.93,7.68,2.72,0,0,0,0,0,0,0
0,0,0,0,0,0,0.22,6.13,8.41,11.6,13.65,14.61,16.29,16.29,14.88,11.36,5.89,0,0,0,0,0,0,0
0,0,0,0,0,0,0.11,4.43,8.630000000000001,13.47,17.16,18.89,18.8,17.84,14.71,11.23,5.24,0,0,0,0,0,0,0
0,0,0,0,0,0,0.02,1.72,4.33,6.72,8.92,9.640000000000001,9.550000000000001,8.119999999999999,6.13,4.66,1.93,0,0,0,0,0,0,0
0,0,0,0,0,0,0.08,3.92,8.68,13.5,17.27,19.1,17.46,15.26,11.04,7.64,2.58,0,0,0,0,0,0,0
0,0,0,0,0,0,0.13,4.82,8.33,10.07,9.94,9.17,12.98,15.08,14.79,11.03,4.61,0,0,0,0,0,0,0
0,0,0,0,0,0,0.16,8.33,15.68,18.02,17.8,17.16,14.99,11.05,6.08,6.45,2.52,0,0,0,0,0,0,0
0,0,0,0,0,0,0.1,5.53,12.25,17.32,19.94,21.69,20.99,18.93,14.83,11.31,6.18,0,0,0,0,0,0,0
0,0,0,0,0,0,0.16,9.859999999999999,17.9,21.6,22.77,23.01,22.65,21.58,19.07,14.58,6.65,0,0,0,0,0,0,0
0,0,0,0,0,0,0.1,4.63,8.220000000000001,14.57,19.13,21.95,21.86,20.98,18.86,14.43,6.54,0,0,0,0,0,0,0
0,0,0,0,0,0,0.11,6.7,12.05,17.1,19.78,21.72,19.71,16.27,10.79,10.92,6.32,0,0,0,0,0,0,0
0,0,0,0,0,0,0.04,3.76,8.130000000000001,11.2,13.31,14.31,18.88,21.2,21.7,17.69,8.85,0,0,0,0,0,0,0
0,0,0,0,0,0,0.11,4.88,4.02,6.35,8.17,9.449999999999999,9.32,7.86,5.88,3.38,0.95,0,0,0,0,0,0,0
0,0,0,0,0,0,0.11,4.87,4.03,6.37,8.15,9.34,9.23,7.78,5.82,3.38,0.96,0,0,0,0,0,0,0
0,0,0,0,0,0,0,1.45,4.02,8.42,11.76,14.37,13.18,11.37,8.56,4.46,1.1,0,0,0,0,0,0,0
0,0,0,0,0,0,0,1.42,3.99,9.859999999999999,15.31,18.93,18.87,16.85,14.16,10.64,4.22,0,0,0,0,0,0,0
0,0,0,0,0,0,0.14,8.92,15.26,17.87,18.77,18.58,19.61,20.04,18.85,12.35,4.72,0,0,0,0,0,0,0
0,0,0,0,0,0,0.07000000000000001,5.56,11.49,12.95,14.23,14.42,15.74,15.66,13.51,10.91,5.82,0,0,0,0,0,0,0
0,0,0,0,0,0,0.11,10.11,18.6,21.71,21.18,18.71,20.92,21.71,20.86,16.21,6.7,0,0,0,0,0,0,0
0,0,0,0,0,0,0.05,4.46,7.68,10.7,12.85,13.82,21.46,23.58,23.32,17.12,4.74,0,0,0,0,0,0,0
0,0,0,0,0,0,0.07000000000000001,7.24,15,19.21,21.1,21.72,20.74,18.54,14.36,11.54,6.61,0,0,0,0,0,0,0
0,0,0,0,0,0,0.13,10.73,18.75,22.38,22.59,21.27,22.06,22.06,20.54,16.94,7.7,0,0,0,0,0,0,0
0,0,0,0,0,0,0.11,10.75,18.91,22.95,24.33,24.86,25.14,24.74,23.27,18.46,8.59,0,0,0,0,0,0,0
0,0,0,0,0,0,0.1,7.56,11.21,14.77,16.83,18.32,18.23,16.42,13.98,10.48,4.05,0,0,0,0,0,0,0
0,0,0,0,0,0,0.1,9.91,18.4,22.48,23.82,24.16,24.06,23.14,21.35,16.26,6.63,0,0,0,0,0,0,0
0,0,0,0,0,0,0.1,8.65,14.93,18.98,21.04,21.82,22.52,22.3,20.91,16.16,6.56,0,0,0,0,0,0,0
0,0,0,0,0,0,0.07000000000000001,9.49,18.08,22.11,22.84,22.2,23.16,23.23,22.03,17.99,8.82,0,0,0,0,0,0,0
0,0,0,0,0,0,0.04,6.66,14.23,16.49,16.07,14.39,17.5,18.71,19.01,10.73,1.81,0,0,0,0,0,0,0
0,0,0,0,0,0,0,1.13,3.53,9.32,14.82,18.62,15.69,11.06,5.55,3.18,0.87,0,0,0,0,0,0,0
0,0,0,0,0,0,0,2.46,7.41,9.630000000000001,11.22,11.37,10.52,8.1,5.58,3.16,0.88,0,0,0,0,0,0,0
0,0,0,0,0,0,0.02,5.22,7.15,10.45,12.48,13.28,17.17,18.52,18.95,12.26,4.66,0,0,0,0,0,0,0
0,0,0,0,0,0,0.05,9.44,17.81,22.71,24.77,25.64,25.24,23.85,21,14.65,5.75,0,0,0,0,0,0,0
0,0,0,0,0,0,0.04,8.19,16.95,19.09,17.02,14.43,12.36,9.710000000000001,5.68,4.1,1.51,0,0,0,0,0,0,0
0,0,0,0,0,0,0,4.59,11.03,12.66,13.98,14.34,15.73,15.5,13.43,10.91,5.79,0,0,0,0,0,0,0
0,0,0,0,0,0,0,1.69,5.63,6.99,8.199999999999999,8.35,8.83,7.38,5.58,3.18,0.88,0,0,0,0,0,0,0
0,0,0,0,0,0,0.05,9.99,18.19,21.96,22.29,21.7,22.03,21.53,19.88,16.53,8.44,0,0,0,0,0,0,0
0,0,0,0,0,0,0.04,7.99,14.76,17.45,18.35,18.24,16.51,14.29,10.33,9.890000000000001,4.75,0,0,0,0,0,0,0
0,0,0,0,0,0,0.04,10.02,17.78,22.45,24.52,25.26,24.92,24.05,21.93,18.02,9.31,0.02,0,0,0,0,0,0
0,0,0,0,0,0,0.04,10,18.37,22.38,23.83,24.29,24.21,23.64,21.98,17.7,9,0.02,0,0,0,0,0,0
0,0,0,0,0,0,0.04,10.14,19.07,23.26,24.18,23.44,23.57,22.91,21.47,16.73,7.45,0,0,0,0,0,0,0
0,0,0,0,0,0,0.02,9.859999999999999,18.72,22.43,22.15,18.06,19.32,19.95,18.93,16.65,9.17,0.02,0,0,0,0,0,0
0,0,0,0,0,0,0.02,9.619999999999999,18.54,22.22,21.61,18.5,19.3,19.01,17.63,15.76,7.69,0.02,0,0,0,0,0,0
0,0,0,0,0,0,0.01,9.48,17.87,21.22,20.68,18.17,18.26,16.31,14.18,10.94,4.8,0,0,0,0,0,0,0
0,0,0,0,0,0,0.01,8.74,16.85,19.77,19.94,18.35,20.77,21.69,21.35,18.05,9.539999999999999,0.03,0,0,0,0,0,0
0,0,0,0,0,0,0.01,9.199999999999999,17.31,20.2,19.96,17.92,19.15,19.7,18.74,13.23,6.01,0,0,0,0,0,0,0
0,0,0,0,0,0,0,8.94,15.04,20.34,23.15,24.07,21.92,17.47,10.57,6.33,1.42,0,0,0,0,0,0,0
0,0,0,0,0,0,0,2.04,7.21,8.130000000000001,9.609999999999999,8.220000000000001,9.949999999999999,11.24,10.49,6.39,1.42,0,0,0,0,0,0,0
0,0,0,0,0,0,0,1.61,6.96,7.93,9.380000000000001,8.16,8.74,7.32,5.62,3.38,1.07,0,0,0,0,0,0,0
0,0,0,0,0,0,0,1.73,7.06,7.86,9.32,8.08,8.65,7.27,5.61,4.3,1.8,0,0,0,0,0,0,0
0,0,0,0,0,0,0,4.52,12.59,17.24,20.34,21.83,19.37,15.46,10.41,12.05,7.37,0.05,0,0,0,0,0,0
0,0,0,0,0,0,0,8.619999999999999,17.67,22.05,22.8,21.64,21.67,20.72,18.83,13.35,6.29,0,0,0,0,0,0,0
0,0,0,0,0,0,0,6.74,16.22,20.23,21.85,22.21,22.11,21.12,19.14,16.56,9.02,0.05,0,0,0,0,0,0
0,0,0,0,0,0,0,6.69,13.81,19.82,23.14,24.62,23.89,22.05,18.07,13.96,6.33,0.02,0,0,0,0,0,0
0,0,0,0,0,0,0,5.44,6.79,13.5,18.55,22.15,23.16,23.42,22.08,18.81,10.43,0.08,0,0,0,0,0,0
0,0,0,0,0,0,0,4.23,10.53,12.16,13.52,14.03,17.35,18.67,19.3,15.17,7.72,0.05,0,0,0,0,0,0
0,0,0,0,0,0,0,1.28,2.97,5.33,7.12,8.720000000000001,8.789999999999999,7.41,5.75,3.5,1.17,0,0,0,0,0,0,0
0,0,0,0,0,0,0,0.95,2.91,5.28,7.04,8.619999999999999,9.82,11.16,10.51,7.49,2.67,0,0,0,0,0,0,0
0,0,0,0,0,0,0,6.68,16.02,19.97,21.59,21.85,23.16,23.78,22.92,18.72,10.1,0.08,0,0,0,0,0,0
0,0,0,0,0,0,0,3.48,9.789999999999999,10.96,11.7,10.03,13.93,15.07,14.81,8.81,2.01,0,0,0,0,0,0,0
0,0,0,0,0,0,0,0.8100000000000001,3.84,5.14,6.89,8.449999999999999,8.59,11.13,12.6,9.35,5.3,0.05,0,0,0,0,0,0
0,0,0,0,0,0,0,7.05,16.97,20.48,20.34,17.93,18.27,17.54,13.84,11.3,6.16,0.05,0,0,0,0,0,0
0,0,0,0,0,0,0,1.82,6.58,10.4,13.86,15.68,16.5,15.5,13.84,11.72,7.25,0.09,0,0,0,0,0,0
0,0,0,0,0,0,0,6.76,16.94,19.73,18.12,13.95,15.56,15.66,14.62,17.18,12.46,0.14,0,0,0,0,0,0
0,0,0,0,0,0,0,6.08,14.4,18.48,18.72,18.29,18.44,17.68,13.93,11.88,7.43,0.09,0,0,0,0,0,0
0,0,0,0,0,0,0,6.94,17.5,22.1,22.72,21.54,20.71,18.55,14.69,14.69,8.52,0.12,0,0,0,0,0,0
0,0,0,0,0,0,0,6.82,16.61,21.61,23.5,23.83,23.46,22.1,19.46,17.67,10.42,0.15,0,0,0,0,0,0
0,0,0,0,0,0,0,6,16.9,21.03,20.76,21.39,21.48,22.18,20.16,16.61,8.289999999999999,0.13,0,0,0,0,0,0
0,0,0,0,0,0,0,5.87,15.32,19.57,21.57,22.59,23.09,22.95,20.68,16.29,9.43,0.13,0,0,0,0,0,0
0,0,0,0,0,0,0,5.85,15.64,19.37,20.38,18.13,17.63,16.74,14.72,15.49,10.32,0.17,0,0,0,0,0,0
0,0,0,0,0,0,0,6.25,15.95,20.65,20.67,17.34,18.25,21.21,20.68,16.89,10.96,0.18,0,0,0,0,0,0
0,0,0,0,0,0,0,4.7,12.41,16.05,17.96,18.22,19.44,18.16,14.56,11.66,7.96,0.14,0,0,0,0,0,0
0,0,0,0,0,0,0,1.19,6.5,9.380000000000001,11.58,12.55,14.46,15.24,13.86,11.29,6.42,0.11,0,0,0,0,0,0
0,0,0,0,0,0,0,5.9,16.97,21.05,22.19,22.08,22.93,23.26,22.31,18.56,12.62,0.2,0,0,0,0,0,0
0,0,0,0,0,0,0,6.13,17,19.53,18.76,13,16.51,18.25,18.36,17.01,9.970000000000001,0.2,0,0,0,0,0,0
0,0,0,0,0,0,0,5.59,14.96,19.57,19.87,20.62,21.95,20.52,18.14,17.7,11.95,0.25,0,0,0,0,0,0
0,0,0,0,0,0,0,6,15.82,20.2,23.01,21.61,23.04,23.22,23.06,19.2,12.67,0.3,0,0,0,0,0,0
0,0,0,0,0,0,0,5.7,16.74,22.02,22.12,20.64,21.7,22.59,23.44,19.41,11.7,0.35,0,0,0,0,0,0
0,0,0,0,0,0,0,6.34,15.44,22.11,22.03,24.33,23.61,23.29,23.39,20.54,13.41,0.4,0,0,0,0,0,0
0,0,0,0,0,0,0,3.1,11.07,15.93,19.27,20.88,22.38,22.87,22.46,16.13,8.76,0.19,0,0,0,0,0,0
0,0,0,0,0,0,0,0.48,2.58,4.73,6.65,8.26,9.619999999999999,11.1,11.09,8.390000000000001,4.29,0.14,0,0,0,0,0,0
0,0,0,0,0,0,0,5.43,15.86,21.26,22.79,20.4,22.17,21.85,18.37,18,12.31,0.52,0,0,0,0,0,0
0,0,0,0,0,0,0,6.02,15.61,20.08,21.96,23.63,23.24,22.26,22.29,19.13,13.19,0.55,0,0,0,0,0,0
0,0,0,0,0,0,0,5.99,17.24,20.8,21.23,20.41,20.34,21.55,17.88,18.31,13.36,0.6,0,0,0,0,0,0
0,0,0,0,0,0,0,5.46,14.92,19.18,22.87,23.22,23.7,23.5,22.74,19.67,11.51,0.55,0,0,0,0,0,0
0,0,0,0,0,0,0,5.87,16.43,19.58,21.56,21.57,23.42,22.92,23.16,21,13.21,0.88,0,0,0,0,0,0
0,0,0,0,0,0,0,5.9,16.44,20.42,23.28,23.64,23.02,23.91,21.66,17.85,11.43,0.68,0,0,0,0,0,0
0,0,0,0,0,0,0,0.68,2.49,5.13,7.14,8.300000000000001,9.82,11.6,11.01,8.039999999999999,4.62,0.24,0,0,0,0,0,0
0,0,0,0,0,0,0,4.66,12.48,16.88,18.67,18.24,19.51,17.99,14.73,11.92,5.51,0.24,0,0,0,0,0,0
0,0,0,0,0,0,0,1.78,4.8,11.92,15.01,17.74,17.61,17.52,15.17,13.02,8.630000000000001,0.6,0,0,0,0,0,0
0,0,0,0,0,0,0,4.75,12.97,17.38,20.02,20.23,19.87,18.03,13.91,8.44,3,0.11,0,0,0,0,0,0
0,0,0,0,0,0,0,4.92,12.44,17.25,17.73,18.48,19.46,18.34,15.76,11.73,8.06,0.6,0,0,0,0,0,0
0,0,0,0,0,0,0,5.9,14.52,21.31,22.96,23.33,24.36,22.46,22.28,17.79,11.72,1.6,0,0,0,0,0,0
0,0,0,0,0,0,0,6.44,17.01,21.76,23.67,23.97,23.64,24.88,21.9,20.18,13.81,2.11,0,0,0,0,0,0
0,0,0,0,0,0,0,6.16,16.76,22.19,22.64,23.81,23.92,23.24,21.57,19.66,14.19,2.28,0,0,0,0,0,0
0,0,0,0,0,0,0,5.92,16.85,22.13,22.89,21.21,23.66,24.42,22.95,21.19,13.36,1.76,0,0,0,0,0,0
0,0,0,0,0,0,0,6.36,17.68,22.03,24.65,23.94,25.07,23.58,23.46,21.44,13.51,3.18,0,0,0,0,0,0
0,0,0,0,0,0,0,5.96,17.14,23.15,23.2,23.57,24.48,24.96,23.12,21.3,15.78,3.2,0,0,0,0,0,0
0,0,0,0,0,0,0,5.78,16.06,21.47,19.61,17.69,22.23,22.98,24.35,20.84,13.74,2.43,0,0,0,0,0,0
0,0,0,0,0,0,0,5.19,14.3,17.97,19.15,18.93,20.43,20.58,20.93,18.93,11.59,1.16,0,0,0,0,0,0
0,0,0,0,0,0,0,2.9,9.630000000000001,16.63,20.92,23.56,22.21,22,20.92,18.64,14.42,2.62,0,0,0,0,0,0
0,0,0,0,0,0,0,5.91,15.67,19.06,20.09,17.71,19.67,20,21.64,18.28,14.33,3.44,0,0,0,0,0,0
0,0,0,0,0,0,0,5.55,15.91,20.07,22.89,23.28,23.07,21.48,21.49,19.6,14.27,3.42,0,0,0,0,0,0
0,0,0,0,0,0,0,5.94,16.41,20.46,21.98,21.25,21.9,24.24,22.91,20.56,15.28,3.51,0,0,0,0,0,0
0,0,0,0,0,0,0,5.73,15.35,19.85,22.38,23.8,22.78,20.44,16.27,12.14,6.03,0.49,0,0,0,0,0,0
0,0,0,0,0,0,0,3.7,12.29,17.74,19.55,21.25,24.37,23.77,22.57,22.38,15.7,3.8,0,0,0,0,0,0
0,0,0,0,0,0,0,6.52,16.44,20.66,19.39,18.74,19.6,20.15,19.9,15.38,7.88,0.51,0,0,0,0,0,0
0,0,0,0,0,0,0,6.39,16.69,21.65,22.32,23.12,22.68,20.97,19.75,16.99,11.29,2.45,0,0,0,0,0,0
0,0,0,0,0,0,0,5.29,14.71,18.73,21.41,20.23,20.55,21.46,18.82,17.54,11,2.71,0,0,0,0,0,0
0,0,0,0,0,0,0,5.38,12.48,17.78,19.52,20.42,21.45,22.65,22.75,19.09,14.11,3.52,0,0,0,0,0,0
0,0,0,0,0,0,0,6.11,14.72,19.89,21.62,20.1,22.38,23.89,22.63,20.33,14.81,4.24,0,0,0,0,0,0
0,0,0,0,0,0,0,6.14,15.1,17.55,18.96,17.59,19.03,18.89,17.29,14.66,9.869999999999999,2.25,0,0,0,0,0,0
0,0,0,0,0,0,0,6.18,15.84,21.78,23.17,24.47,25.23,23.78,23.38,21.25,16.24,4.33,0,0,0,0,0,0
0,0,0,0,0,0,0,6.97,16.42,22.95,25.27,23.67,25.05,25.11,23.08,22.34,14.49,3.78,0,0,0,0,0,0
0,0,0,0,0,0,0,5.95,16.73,21.15,20.63,21.1,23.28,25.2,24.99,22.4,15.9,4.54,0,0,0,0,0,0
0,0,0,0,0,0,0,6.12,15.87,21.31,22.21,23.9,22.23,23.53,21.8,20.46,15.07,4.35,0,0,0,0,0,0
0,0,0,0,0,0,0,6.62,17.25,20.95,22.94,24.98,22.65,23.35,20.45,16.89,12.92,2.77,0,0,0,0,0,0
0,0,0,0,0,0,0,5.95,15.51,19.92,21.66,22.08,23.16,24.47,22.9,21.12,16.33,4.38,0,0,0,0,0,0
0,0,0,0,0,0,0,6.64,17.51,21.38,22.96,25.21,23.52,24.14,23.41,23.04,17.22,4.73,0,0,0,0,0,0
0,0,0,0,0,0,0,6.71,17.16,22.28,22.63,21.29,23.03,24.67,24.05,20.69,15.63,4.88,0,0,0,0,0,0
0,0,0,0,0,0,0,5.8,13.38,18.65,20.39,21.85,22.8,23.02,22.68,21.16,16.65,4.97,0,0,0,0,0,0
0,0,0,0,0,0,0,6.28,15.63,19.85,21.14,22.28,23.13,25.29,22.35,21.83,16.58,5.17,0,0,0,0,0,0
0,0,0,0,0,0,0,7.63,17.29,22.01,23.57,25.13,23.81,24.5,24.62,23.13,17.57,5.11,0,0,0,0,0,0
0,0,0,0,0,0,0,7.87,17.54,20.81,24.32,23,24.08,25.09,24.71,20.84,17.65,5.33,0,0,0,0,0,0
0,0,0,0,0,0,0,8.5,17.88,22.43,21.56,21.04,23.4,22.67,21.06,21.49,15.6,5.04,0,0,0,0,0,0
0,0,0,0,0,0,0,8.23,17.63,20.83,22.58,21.95,23.12,22.63,23.6,20.61,16.8,4.88,0,0,0,0,0,0
0,0,0,0,0,0,0,8.109999999999999,18.68,22.61,23.23,21.51,21.1,17.61,12.37,9.5,5.69,0.83,0,0,0,0,0,0
0,0,0,0,0,0,0,8.33,18.11,22.04,23.69,23.2,23.79,22.82,22.21,22.79,17.08,5,0,0,0,0,0,0
0,0,0,0,0,0,0,6.11,6.94,10.59,12.42,15.32,16.91,17.34,16.17,16.9,14.53,4.27,0,0,0,0,0,0
0,0,0,0,0,0,0,9.279999999999999,17.79,20.99,23,23.55,21.18,18.38,12.24,10.82,7.25,1.6,0,0,0,0,0,0
0,0,0,0,0,0,0,8.6,15.65,20.21,24.23,23.56,24.2,23.12,23.64,21.3,16.75,5.27,0,0,0,0,0,0
0,0,0,0,0,0,0,9.06,18.18,21.93,24.35,24.57,25.56,23.27,23.19,22.29,17.7,5.47,0,0,0,0,0,0
0,0,0,0,0,0,0,8.699999999999999,18.39,21.39,23.24,24.9,25.34,23.7,22.39,22.95,16.51,5.17,0,0,0,0,0,0
0,0,0,0,0,0,0,9.27,17.81,21.18,20.65,18.06,21.09,22.6,21.26,20.04,16.73,5.24,0,0,0,0,0,0
0,0,0,0,0,0,0,8.48,17.35,21.8,23.05,22.92,23.42,23.52,21.42,20.52,15.7,4.78,0,0,0,0,0,0
0,0,0,0,0,0,0,9.300000000000001,18.59,20.76,21.4,18.24,21.18,22.42,23.19,20.11,16.21,5.23,0,0,0,0,0,0
0,0,0,0,0,0,0,8.960000000000001,18.49,21.65,22.58,20.67,21.54,23.7,21.89,21.49,15.45,4.5,0,0,0,0,0,0
0,0,0,0,0,0,0.02,8.529999999999999,16.59,18.58,17.63,14.17,19.58,21.81,22.6,20.73,15.66,5.39,0,0,0,0,0,0
0,0,0,0,0,0,0.03,9.15,17.4,20.45,19.37,15.41,15.58,14.82,12.33,9.75,6.09,0.92,0,0,0,0,0,0
0,0,0,0,0,0,0.02,6.84,10.63,17.36,22.28,23.51,25,22.88,22.89,21.54,17.02,5.56,0,0,0,0,0,0
0,0,0,0,0,0,0.04,8.69,18.29,21.05,23.08,22.51,22.65,22.68,23.33,22.44,16.57,5.59,0,0,0,0,0,0
0,0,0,0,0,0,0.05,8.31,19.62,23.3,23.65,22.67,22.21,21.67,19.54,19.82,18.24,5.56,0,0,0,0,0,0
0,0,0,0,0,0,0.06,8.73,18.45,22.57,24.42,24.94,24.63,22.85,23.79,22.37,17.12,5.42,0,0,0,0,0,0
0,0,0,0,0,0,0.06,9.039999999999999,20.27,21.59,23.14,23.27,25.01,23.98,22.47,22.29,16.79,5.96,0,0,0,0,0,0
0,0,0,0,0,0,0.08,8.82,18.9,22.12,24.41,24.63,24.33,23.65,23.11,21.14,17.7,5.44,0,0,0,0,0,0
0,0,0,0,0,0,0.07000000000000001,8.52,18.52,21.44,23.07,25.08,24.65,24.12,23.84,21.22,17.81,5.49,0,0,0,0,0,0
0,0,0,0,0,0,0.09,9,18.73,21.26,20.14,14.29,19.6,22.58,23.42,20.27,12.28,2.65,0,0,0,0,0,0
0,0,0,0,0,0,0.05,8.52,17.89,21.43,23.44,24.99,23.15,23.58,22,21.47,17.85,6.02,0,0,0,0,0,0
0,0,0,0,0,0,0.1,9.24,18.81,23.42,22.92,24.52,21.98,22.39,16.14,19.64,16.93,5.38,0,0,0,0,0,0
0,0,0,0,0,0,0.09,9.890000000000001,15.7,19.76,22.72,22.71,23.53,22.66,22.72,22.15,17,5.69,0,0,0,0,0,0
0,0,0,0,0,0,0.08,6.4,8.16,16.95,22.06,25.42,25.13,23.16,24.34,21.06,17.65,5.78,0,0,0,0,0,0
0,0,0,0,0,0,0.11,9.32,20.09,20.32,19.36,14.22,18.8,22.03,23.14,18.63,10.5,0.98,0,0,0,0,0,0
0,0,0,0,0,0,0.11,8.699999999999999,20.15,22.74,22.31,23.29,23.04,24.09,21.82,18.99,13.31,3.24,0,0,0,0,0,0
0,0,0,0,0,0,0.08,9.449999999999999,17.85,20.4,20.67,18.22,17.92,17.54,17.87,15.73,10.9,3.32,0,0,0,0,0,0
0,0,0,0,0,0,0.13,9.44,18.68,22.41,21.61,22.48,22.38,24.07,22.96,21.76,16.29,5.19,0,0,0,0,0,0
0,0,0,0,0,0,0.14,9.17,16.44,21.1,21.56,22.71,23.05,24.31,22.53,22.4,16.86,5.72,0,0,0,0,0,0
0,0,0,0,0,0,0.16,9.710000000000001,11.86,19.74,21.85,24.6,23.84,23.79,22.19,20.77,16.11,5.85,0,0,0,0,0,0
0,0,0,0,0,0,0.18,9.18,16.75,20.39,23.51,24.97,25.53,24.46,24.53,22.2,17.29,6.1,0,0,0,0,0,0
0,0,0,0,0,0,0.19,10.67,17.6,20.87,21.72,22.1,23.23,24.5,23.35,20.94,16.33,5.77,0,0,0,0,0,0
0,0,0,0,0,0,0.19,10.34,17.17,20.52,24.06,24.63,23.33,22.82,22.64,20.69,12.81,2.46,0,0,0,0,0,0
0,0,0,0,0,0,0.19,10.66,15.78,19.03,20.82,22.71,22.67,24.39,23.7,22.39,16.52,5.41,0,0,0,0,0,0
0,0,0,0,0,0,0.1,6.39,12.31,14.06,14.88,14.35,18.41,18.7,19.79,17.03,9.869999999999999,2.25,0,0,0,0,0,0
0,0,0,0,0,0,0.15,5.06,8.15,12.59,16.15,18.43,20.45,20.05,21,17.44,14.66,4.72,0,0,0,0,0,0
0,0,0,0,0,0,0.36,11.86,20.19,22.64,23.31,21.42,22.95,24.44,23.11,21.01,13.45,2.46,0,0,0,0,0,0
0,0,0,0,0,0,0.36,11.67,20.31,22.17,23.11,22.17,23.56,24.47,22.13,20.49,16.45,5.79,0,0,0,0,0,0
0,0,0,0,0,0,0.44,12.05,19.22,20.83,21.49,21.21,23.12,22.58,22.91,21.89,16.86,5.86,0,0,0,0,0,0
0,0,0,0,0,0,0.36,9.91,12.25,16.48,20.64,20.13,23.73,23.24,23.95,20.86,16.18,6.61,0,0,0,0,0,0
0,0,0,0,0,0,0.43,8.369999999999999,8.27,17.2,20.82,23.64,24.68,24.85,23.44,21.65,17.68,6.56,0,0,0,0,0,0
0,0,0,0,0,0,1.14,12.39,17.5,21.5,24.25,22.77,22.86,24.17,23.78,22.31,17.26,6.26,0,0,0,0,0,0
0,0,0,0,0,0,0.34,9.6,16.26,20.47,21.69,22.55,23.54,23.77,23.72,22.6,16.92,5.37,0,0,0,0,0,0
0,0,0,0,0,0,0.79,10.57,12.07,17.13,20.46,20.88,22.5,21.48,21.02,20.82,15.69,5.07,0,0,0,0,0,0
0,0,0,0,0,0,0.66,11.11,18.32,19.95,18.96,19.42,20.98,21.48,22.44,20.74,17.08,5.45,0,0,0,0,0,0
0,0,0,0,0,0,1.4,12.71,18.67,23.12,23.21,23.05,24.93,22.36,22.68,21.77,16.38,5.37,0,0,0,0,0,0
0,0,0,0,0,0,1.72,12.16,17.4,20.55,22.87,22.57,22.28,21.73,20.31,20.97,16.55,5.24,0,0,0,0,0,0
0,0,0,0,0,0,1.69,12.16,16.55,18.87,20.68,23.01,22.9,22.69,21.88,20.52,15.91,4.63,0,0,0,0,0,0
0,0,0,0,0,0,0.6,8.220000000000001,11.89,15.4,18.52,18.18,16.92,15.08,12.71,9.630000000000001,6.28,0.95,0,0,0,0,0,0
0,0,0,0,0,0,1.65,11.37,11.68,19.58,22.72,24.45,24.14,23.54,21.91,20.56,14.48,4.8,0,0,0,0,0,0
0,0,0,0,0,0,1.6,11.36,15.64,20.19,22.15,21.1,21.35,18.97,16.45,19.24,16.77,5.82,0,0,0,0,0,0
0,0,0,0,0,0,0.64,9.67,15,20.87,21.04,21.8,21.74,20.67,20.68,16.52,9.630000000000001,2.33,0,0,0,0,0,0
0,0,0,0,0,0,1.63,10.56,15.15,21.06,22.56,23.75,24.01,21.61,21.47,20.32,16.98,5.51,0,0,0,0,0,0
0,0,0,0,0,0,2.22,13.07,19.79,23.05,23.39,21.09,22.56,23.15,21.83,20.44,16.12,5.67,0,0,0,0,0,0
0,0,0,0,0,0,2.17,12.18,19.21,21.07,21.56,22.01,22.62,24.49,23.12,21.63,16.57,6.31,0,0,0,0,0,0
0,0,0,0,0,0,2.37,12.71,18.89,21.91,23.38,23.79,24.18,22.09,22.93,21.29,15.85,5.42,0,0,0,0,0,0
0,0,0,0,0,0,1.69,7.79,8.9,16.39,19.63,22.08,22.6,22.93,22.58,20.33,16.8,6.39,0,0,0,0,0,0
0,0,0,0,0,0,1.07,8.619999999999999,12.11,19.71,22.31,25.04,22.98,22.87,22.76,20.45,15.8,5.64,0,0,0,0,0,0
0,0,0,0,0,0,2.23,11.71,16.52,19.73,21.73,22.66,23.04,22.75,21.64,20.76,15.76,5.6,0,0,0,0,0,0
0,0,0,0,0,0,2.19,11.81,17.39,19.9,21.86,21.29,24.13,21.93,21.84,21.21,14.65,4.78,0,0,0,0,0,0
0,0,0,0,0,0,2.19,12.56,19.04,22.21,22.02,23.16,23.46,23.74,22.59,21.5,15.95,5.15,0,0,0,0,0,0
0,0,0,0,0,0,2.51,12.73,19.61,22.32,23.64,22.9,21.85,22.52,21.42,19.78,15.09,5.53,0,0,0,0,0,0
0,0,0,0,0,0,2.58,13.61,18.82,21.5,24.21,22.48,24.36,24.09,23.01,21.3,15.56,5.76,0,0,0,0,0,0
0,0,0,0,0,0,3.45,14.78,21.56,22.51,23.95,23.03,21.79,23.73,22.96,20.31,15.57,5.37,0,0,0,0,0,0
0,0,0,0,0,0,0.59,7.13,12.47,18.44,22.02,21.74,23.01,22,22.13,18.46,12.64,3.63,0,0,0,0,0,0
0,0,0,0,0,0,2.4,12.68,20.36,21.63,24.2,22.89,24.18,23.42,23.63,19.57,13.21,2.74,0,0,0,0,0,0
0,0,0,0,0,0,3.2,12.94,20.11,23.04,22.11,22.75,23.65,22.88,21.8,22.1,16.25,6.02,0,0,0,0,0,0
0,0,0,0,0,0,3.63,13.03,19.72,21.97,23.39,22.56,23.93,24.7,22.86,22.45,16.18,6.05,0,0,0,0,0,0
0,0,0,0,0,0,3.21,12.23,18.71,21.45,22.21,24.23,22.24,24.17,23.05,21.89,15.61,5.62,0,0,0,0,0,0
0,0,0,0,0,0,2.08,11.66,18.97,21.24,22.42,22.83,22.86,20.6,16.92,12.83,6.88,1,0,0,0,0,0,0
0,0,0,0,0,0,0.96,8.15,12.94,18.58,20.42,22.03,23.23,21.7,21.92,19.3,14.49,5.02,0,0,0,0,0,0
0,0,0,0,0,0,2.76,12.88,17.49,20.17,21.48,23.14,23.87,24,21.6,21.07,16.82,5.92,0,0,0,0,0,0
0,0,0,0,0,0,2.81,12.92,20.5,23,22.88,22.61,23.44,22.77,22.32,20,17.1,5.96,0,0,0,0,0,0
0,0,0,0,0,0,2.56,12.6,19.83,22.69,23.7,24.22,22.77,23.23,22.56,21.37,17.02,5.67,0,0,0,0,0,0
0,0,0,0,0,0,2.84,12.62,19.73,21.17,23.58,22.56,22.33,22.68,21.73,19.93,15.34,5.75,0,0,0,0,0,0
0,0,0,0,0,0,3.64,13.8,20.83,21.67,22.84,22.71,22.86,24.14,22.64,19.91,15.07,5.46,0,0,0,0,0,0
0,0,0,0,0,0,3.93,11.91,16.86,20.03,22.14,23.19,22.8,23.59,22.95,19.62,16.34,5.77,0,0,0,0,0,0
0,0,0,0,0,0,2.67,8.59,9.369999999999999,15.8,18.31,20.55,21,21.86,19.76,18.63,15.01,4.88,0,0,0,0,0,0
0,0,0,0,0,0,3.7,13.31,18.73,21.99,21.24,20.13,20.61,19.05,17.33,12.35,6.76,1.06,0,0,0,0,0,0
0,0,0,0,0,0,2.65,11.53,15.54,20.02,20.37,21.32,21.53,19.93,20.29,17.14,12.54,4.09,0,0,0,0,0,0
0,0,0,0,0,0,2.48,9.779999999999999,12.06,16.13,20.06,20.25,18.96,17.62,16.52,12.97,9.35,3.06,0,0,0,0,0,0
0,0,0,0,0,0,0.46,3.01,4.73,8.300000000000001,12.13,14.39,15.13,14.92,11.67,9.390000000000001,6.07,1.07,0,0,0,0,0,0
0,0,0,0,0,0,0.92,6.11,8.949999999999999,13.5,15.7,18.51,17.05,14.86,12.6,8.83,6.03,1.11,0,0,0,0,0,0
0,0,0,0,0,0,0.59,5.47,9.289999999999999,12.95,17.43,17.72,18.38,17.07,16.04,11.52,6.99,1.16,0,0,0,0,0,0
0,0,0,0,0,0,0.39,4.6,8.81,11.36,13.49,14.47,15.76,16.48,16.25,12.24,6.95,1.18,0,0,0,0,0,0
0,0,0,0,0,0,3.64,10.56,9.23,11.62,13.27,14.86,16.33,16.64,15.94,11.69,6.87,1.15,0,0,0,0,0,0
0,0,0,0,0,0,0.87,6.23,9.07,16.75,21.28,22.09,23.21,23.84,22.26,18.66,12.65,3.7,0,0,0,0,0,0
0,0,0,0,0,0,3.55,13.24,20.85,23.26,23.49,22.72,22.62,23.13,20.09,16.41,8.66,1.1,0,0,0,0,0,0
0,0,0,0,0,0,0.62,5.31,9.44,11.41,13.75,15.24,14.15,13.95,12.62,8.529999999999999,3.61,0.52,0,0,0,0,0,0
0,0,0,0,0,0,3.57,12.89,17.44,20.1,20.69,22.75,22.18,21.28,21.27,18.28,10.98,3.68,0,0,0,0,0,0
0,0,0,0,0,0,0.61,5.13,9.1,12.88,15.69,17.62,16.7,15.92,13.85,10.21,6.16,1.22,0,0,0,0,0,0
0,0,0,0,0,0,2.48,11.37,18.78,21.71,22.12,22.42,21.74,22.79,22.25,19.86,15.17,5.4,0,0,0,0,0,0
0,0,0,0,0,0,2.76,11,12.03,13.62,14.34,14.73,15.11,15.57,15.73,11.84,6.47,1.02,0,0,0,0,0,0
0,0,0,0,0,0,2.15,9.220000000000001,11.26,15.95,17.68,17.06,17.4,17.46,16.04,12.09,8.93,2.41,0,0,0,0,0,0
0,0,0,0,0,0,0.25,2.05,4.63,6.75,8.81,9.19,9.960000000000001,8.720000000000001,7.84,5.24,2.7,0.54,0,0,0,0,0,0
0,0,0,0,0,0,1.86,10.61,14.53,18.1,19.06,17.87,17.55,19.23,17.63,15.74,10.64,3.74,0,0,0,0,0,0
0,0,0,0,0,0,2.01,11.15,16.07,18.7,20.65,21.4,21.1,21.42,20.57,18.85,15.62,5.45,0,0,0,0,0,0
0,0,0,0,0,0,2.68,13.09,19.26,20.46,19.84,19.71,18.86,18.4,17.63,14.43,9.5,2.64,0,0,0,0,0,0
0,0,0,0,0,0,2.45,11.29,17.16,19.71,18.38,18.08,18.12,19.59,18.16,13.16,6,0.54,0,0,0,0,0,0
0,0,0,0,0,0,0.51,5.19,8.380000000000001,13.41,17.2,18.87,16.89,15.04,11.82,13.36,10.99,4.98,0,0,0,0,0,0
0,0,0,0,0,0,2.49,11.83,18.24,19.75,21.22,23.32,21.74,21.14,19.84,17.82,12.98,4.16,0,0,0,0,0,0
0,0,0,0,0,0,2.5,12.39,19.05,21.84,24.01,22.88,21.89,22.12,20.65,16.65,10.42,3.05,0,0,0,0,0,0
0,0,0,0,0,0,2.34,12.03,19.17,22.63,22.01,23.95,23.23,19.49,16.36,13.09,8.539999999999999,2.53,0,0,0,0,0,0
0,0,0,0,0,0,0.44,4.58,8.5,9.85,9.99,9.84,9.390000000000001,8.91,7.38,5.23,2.49,0.55,0,0,0,0,0,0
0,0,0,0,0,0,2.97,5.97,4.61,6.78,9.199999999999999,9.220000000000001,11.59,11.92,12.6,9.34,5.72,1.27,0,0,0,0,0,0
0,0,0,0,0,0,0.57,3.59,4.32,9,12.47,14.39,14.55,14.16,11.9,8.91,6.04,1.19,0,0,0,0,0,0
0,0,0,0,0,0,1.14,8.050000000000001,11.61,14.52,17.19,17.87,17.18,18.26,15.1,12.85,8.460000000000001,2.72,0,0,0,0,0,0
0,0,0,0,0,0,0.78,7.65,12.6,14.97,16.88,18.72,17.33,16.73,16.9,12.97,8.65,2.94,0,0,0,0,0,0
0,0,0,0,0,0,3.19,11.06,15.96,18.03,18.88,18.3,16.99,17.58,15.76,13.24,9.18,2.77,0,0,0,0,0,0
0,0,0,0,0,0,3.12,10.63,15.8,17.23,18.94,17.64,18.43,17.52,16.5,15.39,9.859999999999999,4.45,0,0,0,0,0,0
0,0,0,0,0,0,2.42,12.02,19.52,21.45,23.93,23.14,23.55,21.33,19.6,16.8,11.6,4.59,0,0,0,0,0,0
0,0,0,0,0,0,2.12,11.15,17.59,21.26,19.31,18.54,18.08,18.01,15.58,11.45,7.15,1.31,0,0,0,0,0,0
0,0,0,0,0,0,2.06,9.06,11.77,16.96,19.75,21.32,20.05,15.49,8,8.42,7.28,3.1,0,0,0,0,0,0
0,0,0,0,0,0,2.11,10.69,16.72,17.65,18.17,17.7,18.73,18.77,19.56,17.74,14.42,5.35,0,0,0,0,0,0
0,0,0,0,0,0,0.89,11.08,18.35,21.51,21.74,22.09,22.46,20.94,16.48,13.18,9.17,2.9,0,0,0,0,0,0
0,0,0,0,0,0,0.6899999999999999,7.53,11.6,14.65,17.37,18.87,19.64,22.84,21.78,19.04,12.58,3.88,0,0,0,0,0,0
0,0,0,0,0,0,1.9,10.87,14.84,17.92,17.25,17.56,16.77,15.62,12.82,10.05,7.3,3,0,0,0,0,0,0
0,0,0,0,0,0,1.9,11.84,17.81,21,21.97,21.4,21.3,22.74,22.59,21.02,14.57,5.91,0,0,0,0,0,0
0,0,0,0,0,0,3.06,11.71,17.63,22.58,22.16,22.23,23.56,21.97,21.75,20.54,15.49,5.68,0,0,0,0,0,0
0,0,0,0,0,0,2,11.07,15.67,16.5,17.8,18.6,17.47,15.68,13.1,9.029999999999999,5.98,1.43,0,0,0,0,0,0
0,0,0,0,0,0,1.92,10.38,14.45,16.25,18.19,17.11,19.61,19.63,18.62,16.46,9.93,3.09,0,0,0,0,0,0
0,0,0,0,0,0,0.28,3.93,8.619999999999999,11.3,13.56,15.16,15.69,16.38,17.28,15.18,11.47,5.92,0,0,0,0,0,0
0,0,0,0,0,0,2.53,12.78,19.67,21.59,22.05,22.44,22.37,21.32,21.45,17.27,11.72,3.8,0,0,0,0,0,0
0,0,0,0,0,0,0.28,4.04,8.890000000000001,10.7,12.91,14.71,16.21,16.57,16.6,14.37,10.57,5.66,0,0,0,0,0,0
0,0,0,0,0,0,0.35,2.53,4.3,6.83,9.17,9.619999999999999,10.27,8.81,7.76,5.35,3.13,0.75,0,0,0,0,0,0
0,0,0,0,0,0,0.19,1.84,4.22,8.31,12.16,14.24,13.61,10.43,7.34,5.2,3.08,0.8,0,0,0,0,0,0
0,0,0,0,0,0,0.71,4.7,4.26,6.33,8.369999999999999,9.75,9.640000000000001,8.960000000000001,7.61,5.33,3,0.82,0,0,0,0,0,0
0,0,0,0,0,0,0.18,2.04,4.25,8.49,11.45,14.96,12.78,10.51,7.7,5.28,2.88,0.83,0,0,0,0,0,0
0,0,0,0,0,0,0.18,1.94,4.49,6.91,8.369999999999999,9.470000000000001,9.619999999999999,8.9,7.55,5.57,2.85,0.82,0,0,0,0,0,0
0,0,0,0,0,0,0.17,1.91,4.56,7.01,8.859999999999999,9.199999999999999,9.35,9.369999999999999,8.07,5.65,3.14,0.75,0,0,0,0,0,0
0,0,0,0,0,0,0.31,5.65,12.39,14.15,15.61,16.15,13.92,11.27,8.18,5.69,3.27,0.79,0,0,0,0,0,0
0,0,0,0,0,0,0.36,4.99,8.57,13.29,16.6,18.33,18.25,16.97,17.08,15.64,15.07,7.52,0,0,0,0,0,0
0,0,0,0,0,0,0.48,5.49,8.720000000000001,10.78,13.4,15.25,15,14.4,11.76,9.77,6.38,1.89,0,0,0,0,0,0
0,0,0,0,0,0,0.41,6.7,12.4,16.14,18.7,19.55,22.86,22.1,22.95,20.67,15.23,6.07,0,0,0,0,0,0
0,0,0,0,0,0,1.73,11.25,18.19,21.44,21.09,21.29,21.91,22.36,22.32,19.12,12.69,4.11,0,0,0,0,0,0
0,0,0,0,0,0,0.38,5.02,8.59,11.44,12.74,14.35,13.67,11.39,7.63,7.43,4.86,1.78,0,0,0,0,0,0
0,0,0,0,0,0,0.22,3.87,8.630000000000001,9.75,10.33,9.34,13.74,15.08,15.73,11.74,5.81,0.84,0,0,0,0,0,0
0,0,0,0,0,0,0.25,2.53,4.29,6.71,8.85,9.57,11.3,12.42,13.26,11.16,7.75,3.94,0,0,0,0,0,0
0,0,0,0,0,0,0.55,7.38,12.36,13.65,15.46,16.61,15.76,14.2,12.38,9.17,6.33,1.86,0,0,0,0,0,0
0,0,0,0,0,0,0.51,10.5,17.9,21.66,23.27,23.92,22.04,21.97,18.9,17.03,14.07,6.48,0,0,0,0,0,0
0,0,0,0,0,0,1.83,12.56,19.54,22.59,22.79,21.07,21.77,19.74,15.87,13.06,9.44,3.94,0,0,0,0,0,0
0,0,0,0,0,0,0.32,6.51,12.15,13.7,14.31,13.94,16.01,16.09,16.42,14.45,10.77,4.97,0,0,0,0,0,0
0,0,0,0,0,0,0.53,6.39,7.97,13.33,18,19.15,20.67,21.23,20.96,16.52,9.73,1.68,0,0,0,0,0,0
0,0,0,0,0,0,1.49,11.58,18,21.22,22.25,22.71,21.06,21.51,20.24,15.23,10.09,3.87,0,0,0,0,0,0
0,0,0,0,0,0,1.5,10.79,16.88,19.18,20.25,20.69,18.3,17.11,13.29,9.34,6.5,1.63,0,0,0,0,0,0
0,0,0,0,0,0,0.52,10,14.47,17.49,18.58,17.81,18.37,18.11,17.03,12.71,9.44,3.67,0,0,0,0,0,0
0,0,0,0,0,0,0.44,9.69,14.52,17.78,18.98,18.37,17.29,15.46,12.71,8.19,3.82,0.77,0,0,0,0,0,0
0,0,0,0,0,0,0.15,3.15,8.4,11.31,13.34,15.31,15.46,14.13,11.73,10.18,6.53,1.67,0,0,0,0,0,0
0,0,0,0,0,0,0.19,5.47,11.66,14.63,17.98,18.83,15.95,13.23,7.51,8.539999999999999,7.32,3.46,0,0,0,0,0,0
0,0,0,0,0,0,0.19,4.95,12.51,12.93,14.74,14.83,17.69,19.41,19.38,12.85,6.36,0.6899999999999999,0,0,0,0,0,0
0,0,0,0,0,0,0.51,9.74,14.69,18.55,20.92,21.21,18.17,16.61,12.45,10.66,7.58,3.41,0,0,0,0,0,0
0,0,0,0,0,0,0.67,11.03,17.76,19.35,19.97,20.65,20.07,19.29,17.86,15.76,10.45,3.36,0,0,0,0,0,0
0,0,0,0,0,0,0.16,2.15,4.35,6.67,8.859999999999999,9.74,13.43,15.48,16.85,12.95,9.119999999999999,3.33,0,0,0,0,0,0
0,0,0,0,0,0,0.41,8.15,14.54,16.93,17.59,19.05,18.92,18.69,16.53,13.55,9.369999999999999,3.27,0,0,0,0,0,0
0,0,0,0,0,0,0.62,11.4,19.36,22.4,23.3,23.29,23.08,20.97,16.02,11.42,5.4,0.64,0,0,0,0,0,0
0,0,0,0,0,0,0.34,8.619999999999999,14.04,16.59,18.56,17.64,17.51,17.75,15.81,12.83,6.99,1.38,0,0,0,0,0,0
0,0,0,0,0,0,0.25,6.44,11.74,13.01,11.96,9.119999999999999,9.449999999999999,8.94,7.97,5.54,2.92,0.61,0,0,0,0,0,0
0,0,0,0,0,0,0.06,1.64,4.14,8.19,12.02,14.6,16.23,16.47,17.04,15.55,13.47,6.07,0,0,0,0,0,0
0,0,0,0,0,0,0.37,9.279999999999999,14.62,19.13,20.64,20.29,19.59,19.98,20.33,16.23,10.1,2.91,0,0,0,0,0,0
0,0,0,0,0,0,0.15,4.95,11.69,17.24,21.57,21.35,21.31,20.64,19.62,14.93,8.82,1.38,0,0,0,0,0,0
0,0,0,0,0,0,0.06,1.61,4.33,10.19,15.49,18.57,18.89,16.94,16.75,13.06,9.640000000000001,3.03,0,0,0,0,0,0
0,0,0,0,0,0,0.21,2.86,4.09,6.69,9.26,10,10.49,9.33,7.81,5.62,2.98,0.62,0,0,0,0,0,0
0,0,0,0,0,0,0.06,1.7,4.25,10.05,15.89,19.31,19.21,18.32,16.24,12.51,9.52,3.06,0,0,0,0,0,0
0,0,0,0,0,0,0.13,5.25,12.47,15.79,18.14,17.96,18.59,18.27,15.88,12.98,8.83,2.78,0,0,0,0,0,0
0,0,0,0,0,0,0.2,5.66,11.56,13.21,11.88,10.19,9.77,9.69,7.71,5.11,2.66,0.62,0,0,0,0,0,0
0,0,0,0,0,0,0.08,2.96,8.15,11.68,13.42,15.2,13,11.13,7.2,8.34,6.94,2.71,0,0,0,0,0,0
0,0,0,0,0,0,0.09,2.97,8.380000000000001,6.4,8.869999999999999,9.380000000000001,10.4,9.32,8.32,6.89,4.51,1.23,0,0,0,0,0,0
0,0,0,0,0,0,0.25,4.36,4.18,8.52,11.65,14.23,15.83,16.05,16.62,13.5,9.25,2.75,0,0,0,0,0,0
0,0,0,0,0,0,0.26,8.390000000000001,15.1,19.82,20.42,20.32,22.35,21.97,21.87,17.04,8.85,1.17,0,0,0,0,0,0
0,0,0,0,0,0,0.05,1.76,4.45,6.8,8.68,10.32,11.56,13.04,12.49,9.880000000000001,5.91,1.17,0,0,0,0,0,0
0,0,0,0,0,0,0.49,11,18.06,21.71,22.3,22.84,22.59,20.61,19.38,16.27,9.43,2.71,0,0,0,0,0,0
0,0,0,0,0,0,0.11,5.19,12.2,16.85,19.47,20.54,20.37,20.28,18.45,17.66,12.77,4.9,0,0,0,0,0,0
0,0,0,0,0,0,0.52,11.78,19.58,21.98,22.02,23.13,21.46,21,16.64,12.43,9.300000000000001,2.53,0,0,0,0,0,0
0,0,0,0,0,0,0.31,9.960000000000001,14.87,18.16,19.54,20.68,19.8,19.47,16.84,12.51,9.390000000000001,2.38,0,0,0,0,0,0
0,0,0,0,0,0,0.05,1.67,4.37,9.42,13.43,16.37,17.41,19.26,19.96,14.02,8.289999999999999,1.03,0,0,0,0,0,0
0,0,0,0,0,0,0.38,8.16,12,14.68,18.45,18.32,20.45,22.17,20.42,16.29,7.19,0.47,0,0,0,0,0,0
0,0,0,0,0,0,0.04,1.75,4.08,6.81,8.56,9.609999999999999,9.949999999999999,9.300000000000001,7.69,5.42,2.53,0.45,0,0,0,0,0,0
0,0,0,0,0,0,0.36,5.81,4.51,6.61,8.85,9.710000000000001,11.32,11.03,9.93,7.13,4.51,0.96,0,0,0,0,0,0
0,0,0,0,0,0,0.05,1.72,4.39,6.88,8.460000000000001,9.630000000000001,13.48,16.25,17.03,14.88,10.18,3.24,0,0,0,0,0,0
0,0,0,0,0,0,0.3,11.1,20.38,21.13,22.76,23.66,21.12,21.61,20.1,15.14,9.970000000000001,1.67,0,0,0,0,0,0
0,0,0,0,0,0,0.19,5.78,11.26,14.26,17.23,17.24,17.37,15.19,13.53,12.46,8.210000000000001,2.81,0,0,0,0,0,0
0,0,0,0,0,0,0.16,7.43,15.2,20.32,22.12,20.99,20.58,20.53,19.43,16.09,9.9,1.48,0,0,0,0,0,0
0,0,0,0,0,0,0.43,11.24,16.43,19,19.67,17.27,17.84,17.88,15.31,12.7,8.43,1.42,0,0,0,0,0,0
0,0,0,0,0,0,0.21,6.76,12.54,13.23,14.04,18.36,18.45,15.58,12.5,9.460000000000001,6.11,0.87,0,0,0,0,0,0
0,0,0,0,0,0,0.43,11.21,18.86,21.85,21,21.81,20.4,19.4,16.46,11.63,6.64,0.86,0,0,0,0,0,0
0,0,0,0,0,0,1.32,12.87,20.71,23.15,19.46,14.29,14.64,14.91,12.48,9.619999999999999,5.9,0.88,0,0,0,0,0,0
0,0,0,0,0,0,0.24,5.24,8.630000000000001,12.9,17.51,19.19,17.53,15.08,12.77,8.43,3.25,0.34,0,0,0,0,0,0
0,0,0,0,0,0,0.24,5.23,8.470000000000001,14.05,17.01,17.93,19.55,18.44,18.18,16.16,10.93,2.92,0,0,0,0,0,0
0,0,0,0,0,0,0.51,12.28,20.13,22.07,21.52,23.43,21.58,20.62,18.2,17.19,15.19,4.5,0,0,0,0,0,0
0,0,0,0,0,0,0.19,4.65,8.130000000000001,12.82,16.79,17.98,18.25,19.41,18.71,15.15,9.98,1.93,0,0,0,0,0,0
0,0,0,0,0,0,0.26,5.11,8.65,14.52,18.67,21.3,19.45,19.99,18.4,15.16,8.18,0.7,0,0,0,0,0,0
0,0,0,0,0,0,1.3,11.85,17.28,20.73,20.44,17.34,16.45,15.56,13.04,10.25,6.98,1.16,0,0,0,0,0,0
0,0,0,0,0,0,0.12,3.72,8.4,10.3,10.19,10.15,9.73,9.73,7.81,5.25,2.47,0.3,0,0,0,0,0,0
0,0,0,0,0,0,0.12,3.67,8.869999999999999,11.33,13.94,15.08,15.7,15.91,17.11,12,6.29,0.6,0,0,0,0,0,0
0,0,0,0,0,0,0.24,5.53,8.949999999999999,14.97,18.68,20.97,20.48,21.17,20.16,18.73,14.21,3.89,0,0,0,0,0,0
0,0,0,0,0,0,0.26,8.27,15.69,18.2,19.36,20.37,19.97,19.95,18.88,17.87,14.36,3.65,0,0,0,0,0,0
0,0,0,0,0,0,0.6899999999999999,12.77,20.18,22.58,22.91,24.37,22.8,23.89,22.34,20.18,12.6,2.77,0,0,0,0,0,0
0,0,0,0,0,0,0.49,10.79,18.44,21.6,22.72,21.49,22.35,20.86,15.82,11.51,5.85,0.49,0,0,0,0,0,0
0,0,0,0,0,0,0.44,8.380000000000001,11.57,15.82,17.23,19.24,18.6,16.09,14.15,10.43,5.25,0.44,0,0,0,0,0,0
0,0,0,0,0,0,0.08,1.89,4.65,6.7,9.23,9.9,9.93,8.890000000000001,6.9,4.96,2.2,0.19,0,0,0,0,0,0
0,0,0,0,0,0,0.25,5.55,8.81,11.37,13.85,14.6,19.15,20.24,21.24,17.53,9.6,0.7,0,0,0,0,0,0
0,0,0,0,0,0,0.72,12.07,20.06,22.13,23.14,23.62,23.24,23.47,20.78,17.52,10.93,1.44,0,0,0,0,0,0
0,0,0,0,0,0,0.26,8.57,15.49,19.86,20.96,21.67,21.83,22.07,21.71,16.78,9.1,0.6,0,0,0,0,0,0
0,0,0,0,0,0,0.16,2.46,4.76,6.76,9.289999999999999,9.74,9.98,8.630000000000001,7.28,5.79,3.11,0.3,0,0,0,0,0,0
0,0,0,0,0,0,0.24,3.21,4.6,7.01,9.210000000000001,10.1,11.02,11.86,12.61,8.91,4.86,0.28,0,0,0,0,0,0
0,0,0,0,0,0,0.5600000000000001,11.6,19.1,21.87,23.58,23.36,22.05,21.04,19.05,15.31,8.4,0.48,0,0,0,0,0,0
0,0,0,0,0,0,0.4,10,14.87,19.12,21.74,22.71,20.73,21.09,17.76,15.3,9.59,0.64,0,0,0,0,0,0
0,0,0,0,0,0,0.39,10.09,15.47,17.53,15.73,14.13,15.66,14.97,14.65,10.9,7.59,0.41,0,0,0,0,0,0
0,0,0,0,0,0,0.13,3.87,8.460000000000001,12.53,14.31,15.41,17.39,16.86,14.36,15.57,12.51,1.3,0,0,0,0,0,0
0,0,0,0,0,0,0.5600000000000001,10.51,18.84,21.59,21.35,20.02,19.11,17.98,15.93,9.800000000000001,3.78,0.08,0,0,0,0,0,0
0,0,0,0,0,0,0.37,8.73,14.96,18.66,19.19,20.51,20.53,17.38,10.65,9.550000000000001,5.86,0.3,0,0,0,0,0,0
0,0,0,0,0,0,1.33,12.18,18.4,21.05,22.2,22.96,21.24,17.8,11.32,9.19,5.84,0.27,0,0,0,0,0,0
0,0,0,0,0,0,0.54,10.6,18.69,21.19,21.82,22.81,23.74,22.5,20.94,19.44,14.21,0.6899999999999999,0,0,0,0,0,0
0,0,0,0,0,0,0.2,4.8,9.15,11.43,13.61,15.45,17.22,19.64,19.88,14.14,6.23,0.14,0,0,0,0,0,0
0,0,0,0,0,0,0.23,6.86,12.14,17.12,20.32,20.99,20.32,17,12.07,7.12,2.17,0.04,0,0,0,0,0,0
0,0,0,0,0,0,0.21,4.78,8.779999999999999,11.37,12.88,14.8,16.12,16.2,15.19,11.03,5.07,0.12,0,0,0,0,0,0
0,0,0,0,0,0,0.65,10.94,11.47,15.63,16.93,17.98,17.08,15.4,10.53,8.050000000000001,4.48,0.1,0,0,0,0,0,0
0,0,0,0,0,0,0.45,8.94,11.61,14.74,18.07,18.28,21,21.59,22,18.48,11.73,0.24,0,0,0,0,0,0
0,0,0,0,0,0,0.47,11.64,17.6,21.2,19.85,21.3,19.83,20.7,19.58,15.99,10.04,0.19,0,0,0,0,0,0
0,0,0,0,0,0,0.6,11.63,18.36,21,22.8,22.09,22.4,22.44,21.35,20.41,12.69,0.24,0,0,0,0,0,0
0,0,0,0,0,0,0.5600000000000001,10.61,15.84,16.9,17.64,17.56,19.11,17.41,16.89,14.92,8.01,0.15,0,0,0,0,0,0
0,0,0,0,0,0,0.4,6.71,8.57,12.88,17.17,17.88,19.8,20.35,18.33,14.57,7.57,0.1,0,0,0,0,0,0
0,0,0,0,0,0,0.5600000000000001,11.26,19.64,22.3,23.82,23.76,21.61,21.44,19.15,16.86,9.74,0.16,0,0,0,0,0,0
0,0,0,0,0,0,0.33,10.28,14.74,19.87,20.97,22.73,22.93,24.7,22.15,19.26,13.26,0.16,0,0,0,0,0,0
0,0,0,0,0,0,0.88,12.99,19.19,23.76,22.31,22.5,23.46,20.62,19.7,17.32,9.76,0.13,0,0,0,0,0,0
0,0,0,0,0,0,1.22,11.23,16.96,20.65,22.41,23.26,22.81,20.52,19.27,13.87,7.18,0.07000000000000001,0,0,0,0,0,0
0,0,0,0,0,0,0.22,7.14,12.35,15.85,20.43,21.3,21.18,18.08,14.29,10.05,4.26,0.02,0,0,0,0,0,0
0,0,0,0,0,0,0.38,8.630000000000001,11.77,16.31,19.34,20.38,19.83,18.55,14.43,10.56,4.3,0.02,0,0,0,0,0,0
0,0,0,0,0,0,0.51,10.98,18.48,19.34,17.78,14.8,12.3,9.57,6.08,3.82,1.38,0,0,0,0,0,0,0
0,0,0,0,0,0,0.31,9.380000000000001,15.91,17.42,17.53,18.19,18.57,17.27,13.79,11.36,5.99,0.04,0,0,0,0,0,0
0,0,0,0,0,0,0.1,3.15,8.35,11.82,14.22,15.5,16.38,15.97,13.85,10.66,6.21,0.04,0,0,0,0,0,0
0,0,0,0,0,0,0.51,11.3,15.36,19.71,21.61,23.04,23.79,21.42,20.36,15.99,7.55,0.04,0,0,0,0,0,0
0,0,0,0,0,0,0.21,4.94,8.08,10.22,9.41,9.039999999999999,10.33,10.23,7.8,5.55,2.47,0,0,0,0,0,0,0
0,0,0,0,0,0,0.32,5.04,4.14,6.62,8.84,9.15,8.92,8.289999999999999,5.79,4.71,2,0,0,0,0,0,0,0
0,0,0,0,0,0,0.21,10.08,18.49,20.8,21.84,22.07,18.73,17.03,10.39,7.78,3.3,0,0,0,0,0,0,0
0,0,0,0,0,0,0.14,4.33,8.42,11.53,13.72,13.54,13.56,13.12,10.33,7.52,2.83,0,0,0,0,0,0,0
0,0,0,0,0,0,0.07000000000000001,2.91,8.44,13.01,16.98,17.82,18.08,18.49,18.25,11.46,4.67,0,0,0,0,0,0,0
0,0,0,0,0,0,0.17,6.22,11.35,14.49,17.07,18.54,19.29,19.68,19.17,15.72,9.4,0.06,0,0,0,0,0,0
0,0,0,0,0,0,0.26,9.42,15.44,18.03,20.74,21.83,17.73,13.82,6.76,3.61,1.12,0,0,0,0,0,0,0
0,0,0,0,0,0,0.13,4.09,8.27,11.15,12.7,14.61,14.11,12.37,10.91,7.3,2.5,0,0,0,0,0,0,0
0,0,0,0,0,0,0.2,5.95,7.89,10.82,12.77,14.57,14.75,15.25,14.31,11.18,5.56,0,0,0,0,0,0,0
0,0,0,0,0,0,0.1,4.4,8.390000000000001,12.45,16.85,18.26,17.33,16.69,13.38,10.44,5.04,0,0,0,0,0,0,0
0,0,0,0,0,0,0.02,1.58,4.24,6.6,8.66,9.1,8.76,7.4,5.95,4.56,1.81,0,0,0,0,0,0,0
0,0,0,0,0,0,0.08,3.85,8.32,12.66,17.04,17.49,16.18,15.01,10.09,7.12,2.32,0,0,0,0,0,0,0
0,0,0,0,0,0,0.12,4.81,8.029999999999999,9.289999999999999,9.380000000000001,8.6,11.95,14.08,14.57,10.9,4.28,0,0,0,0,0,0,0
0,0,0,0,0,0,0.15,7.69,15.43,17.26,17.54,16.13,14.38,10.63,5.9,6.06,2.49,0,0,0,0,0,0,0
0,0,0,0,0,0,0.09,5.23,11.16,16.56,18.23,21.23,20.71,17.62,14.21,10.44,5.91,0,0,0,0,0,0,0
0,0,0,0,0,0,0.15,9.539999999999999,17.11,20.55,22.7,22.43,22.29,20.92,18.67,13.74,6.19,0,0,0,0,0,0,0
0,0,0,0,0,0,0.1,4.36,7.67,14.25,17.5,20.52,20.07,19.61,17.41,13.45,6.32,0,0,0,0,0,0,0
0,0,0,0,0,0,0.11,6.13,11.79,15.67,19.32,21,19.65,15.68,10.53,10.45,5.73,0,0,0,0,0,0,0
0,0,0,0,0,0,0.04,3.52,7.75,10.64,12.3,13.56,17.86,19.27,19.78,17.2,8.289999999999999,0,0,0,0,0,0,0
0,0,0,0,0,0,0.11,4.67,4,6.28,8.119999999999999,9.33,8.550000000000001,7.55,5.7,3.05,0.86,0,0,0,0,0,0,0
0,0,0,0,0,0,0.11,4.6,3.83,6.14,7.58,8.92,8.35,7.26,5.71,3.06,0.92,0,0,0,0,0,0,0
0,0,0,0,0,0,0,1.42,3.91,7.73,11.54,12.94,12.58,10.51,7.94,4.14,1.07,0,0,0,0,0,0,0
0,0,0,0,0,0,0,1.39,3.72,9.74,13.79,18.18,18.74,16.51,12.81,9.869999999999999,3.84,0,0,0,0,0,0,0
0,0,0,0,0,0,0.13,8.74,14.12,16.7,17.8,18.46,18.58,18.68,17.16,11.56,4.71,0,0,0,0,0,0,0
0,0,0,0,0,0,0.07000000000000001,5.41,11.04,12,13.46,13.99,15.43,14.42,12.56,10.81,5.73,0,0,0,0,0,0,0
0,0,0,0,0,0,0.11,9.16,17.56,20.17,20.61,17.68,20.29,20.13,19.16,15.36,6.06,0,0,0,0,0,0,0
0,0,0,0,0,0,0.05,4.17,7.12,10.58,12.37,12.8,19.36,23.16,21.3,15.67,4.41,0,0,0,0,0,0,0
0,0,0,0,0,0,0.07000000000000001,6.64,14.08,17.37,20.02,21.03,20.4,18.34,13.09,11.3,6.4,0,0,0,0,0,0,0
0,0,0,0,0,0,0.12,10.31,17.66,21.43,21.43,20.22,20.34,20.25,20.07,15.54,7.06,0,0,0,0,0,0,0
0,0,0,0,0,0,0.11,10.56,18.77,21.66,23.19,23.3,24.28,22.31,21.81,18.08,7.9,0,0,0,0,0,0,0
0,0,0,0,0,0,0.09,7,10.79,14.62,16.57,16.94,17.36,15.19,13.64,9.98,3.68,0,0,0,0,0,0,0
0,0,0,0,0,0,0.09,9.039999999999999,18.33,21.4,23.31,22.48,23.82,21.03,20.41,15.77,6.21,0,0,0,0,0,0,0
0,0,0,0,0,0,0.09,8.34,14.32,18.69,19.68,21.52,22.39,20.94,19.27,15.6,6.15,0,0,0,0,0,0,0
0,0,0,0,0,0,0.06,9.32,16.89,21.43,21.46,20.19,21.16,22.16,20.45,16.32,8.710000000000001,0,0,0,0,0,0,0
0,0,0,0,0,0,0.03,6,13.41,16.28,15.78,13.84,17.38,18.62,18.54,10.7,1.64,0,0,0,0,0,0,0
0,0,0,0,0,0,0,1.03,3.18,9,13.54,17.63,14.3,10.39,5.14,2.95,0.8100000000000001,0,0,0,0,0,0,0
0,0,0,0,0,0,0,2.42,7.08,8.99,10.63,10.24,10.1,7.47,5.07,3.04,0.86,0,0,0,0,0,0,0
0,0,0,0,0,0,0.02,4.74,6.59,9.91,11.26,12.01,16.42,17,17.36,11.54,4.21,0,0,0,0,0,0,0
0,0,0,0,0,0,0.05,9.039999999999999,16.8,20.9,24.06,23.54,24.35,23.32,18.96,14.16,5.72,0,0,0,0,0,0,0
0,0,0,0,0,0,0.03,8.01,16.91,17.99,15.41,13.82,12.32,8.99,5.6,3.75,1.51,0,0,0,0,0,0,0
0,0,0,0,0,0,0,4.53,10.47,12.58,13.13,13.17,14.59,14.45,12.28,9.970000000000001,5.74,0,0,0,0,0,0,0
0,0,0,0,0,0,0,1.65,5.4,6.81,7.57,7.98,8.52,6.66,5.16,3.01,0.84,0,0,0,0,0,0,0
0,0,0,0,0,0,0.05,9.449999999999999,17.79,19.97,22.15,20.87,20.62,20.65,18.37,16.46,7.7,0,0,0,0,0,0,0
0,0,0,0,0,0,0.03,7.92,14.42,15.9,17.27,16.95,15.23,14.22,9.85,9.359999999999999,4.56,0,0,0,0,0,0,0
0,0,0,0,0,0,0.03,9.43,17,20.22,22.32,24.66,23.24,23.29,21.09,16.54,8.789999999999999,0.02,0,0,0,0,0,0
0,0,0,0,0,0,0.04,9.970000000000001,16.68,21.66,22.61,23.87,23.03,22.89,21.75,16.7,8.460000000000001,0.02,0,0,0,0,0,0
0,0,0,0,0,0,0.04,9.68,18.46,20.96,22.9,22.88,21.66,21.78,20.5,16.36,7.39,0,0,0,0,0,0,0
0,0,0,0,0,0,0.02,9.529999999999999,18.19,21.05,20.38,17.54,19.17,19.84,18.65,16.11,8.82,0.02,0,0,0,0,0,0
0,0,0,0,0,0,0.02,8.720000000000001,17.86,20.77,20.2,18.42,19.24,18.83,17.11,15.66,7.42,0.02,0,0,0,0,0,0
0,0,0,0,0,0,0.01,9.199999999999999,16.98,19.94,19.72,17.16,17.47,15.92,13.64,10.53,4.68,0,0,0,0,0,0,0
0,0,0,0,0,0,0.01,8.369999999999999,15.48,18.19,18.83,16.62,20.48,19.99,19.37,17.59,9.44,0.03,0,0,0,0,0,0
0,0,0,0,0,0,0.01,8.59,16.91,18.97,18.48,16.51,17.6,17.99,18.37,12.88,5.94,0,0,0,0,0,0,0
0,0,0,0,0,0,0,8.6,15.01,19.57,21.96,23.48,21.91,16.38,9.880000000000001,6.03,1.38,0,0,0,0,0,0,0
0,0,0,0,0,0,0,2.01,6.99,7.99,9.49,7.65,9.85,10.86,10.07,6.32,1.38,0,0,0,0,0,0,0
0,0,0,0,0,0,0,1.59,6.75,7.88,9.130000000000001,8.15,8.369999999999999,7.12,5.52,3.36,0.97,0,0,0,0,0,0,0
0,0,0,0,0,0,0,1.68,6.48,7.74,8.460000000000001,7.46,8.449999999999999,7.25,5.59,3.94,1.77,0,0,0,0,0,0,0
0,0,0,0,0,0,0,4.15,12.42,16.58,19.14,21.11,17.52,14.12,9.57,11.97,7,0.05,0,0,0,0,0,0
0,0,0,0,0,0,0,8.08,16.23,22.02,21.57,20.94,20.86,20.2,18.24,12.95,6.2,0,0,0,0,0,0,0
0,0,0,0,0,0,0,6.6,14.82,18.28,19.8,20.51,21.02,19.04,17.71,15.26,8.19,0.04,0,0,0,0,0,0
0,0,0,0,0,0,0,6.03,13.05,19.19,22.55,23.67,23.25,21.77,17,13.32,5.75,0.02,0,0,0,0,0,0
0,0,0,0,0,0,0,5.2,6.78,12.21,16.86,21.67,21.82,22.18,21.43,17.1,10.29,0.07000000000000001,0,0,0,0,0,0
0,0,0,0,0,0,0,3.87,10,12.13,12.77,13.24,16.44,17.96,17.73,14.33,7.04,0.05,0,0,0,0,0,0
0,0,0,0,0,0,0,1.21,2.76,5.12,6.59,8.529999999999999,7.93,6.83,5.23,3.35,1.16,0,0,0,0,0,0,0
0,0,0,0,0,0,0,0.95,2.7,5.13,6.56,8.48,9.17,10.14,9.890000000000001,7.19,2.48,0,0,0,0,0,0,0
0,0,0,0,0,0,0,6.67,14.59,19.25,21.29,20.97,21.2,22.93,21.05,18.6,9.220000000000001,0.07000000000000001,0,0,0,0,0,0
0,0,0,0,0,0,0,3.2,9.1,10.1,10.56,10.01,13.81,13.7,13.99,8.18,1.93,0,0,0,0,0,0,0
0,0,0,0,0,0,0,0.77,3.48,4.91,6.6,8.1,8.23,11,11.57,8.68,5.17,0.04,0,0,0,0,0,0
0,0,0,0,0,0,0,6.84,16.95,20.36,20.18,17.93,18.19,17.48,13.78,10.47,6.09,0.05,0,0,0,0,0,0
0,0,0,0,0,0,0,1.66,6.04,10.35,13.72,15.61,15.51,14.1,12.66,10.91,6.63,0.08,0,0,0,0,0,0
0,0,0,0,0,0,0,6.31,16.88,18.69,16.36,13.69,14.42,14.2,14.46,16.74,11.64,0.14,0,0,0,0,0,0
0,0,0,0,0,0,0,5.9,13.66,17.06,17.65,17.92,17.18,16.63,13.72,11.87,6.85,0.09,0,0,0,0,0,0
0,0,0,0,0,0,0,6.49,16.36,20.74,21.62,20.24,20.58,18.44,13.62,14.18,8.220000000000001,0.11,0,0,0,0,0,0
0,0,0,0,0,0,0,6.64,15.35,19.6,21.99,23.28,21.88,20.15,19.07,16.08,10.22,0.15,0,0,0,0,0,0
0,0,0,0,0,0,0,5.57,15.6,19.63,18.86,20.51,20.14,20.84,18.87,15.09,8.140000000000001,0.12,0,0,0,0,0,0
0,0,0,0,0,0,0,5.56,14.99,18.1,20.83,20.47,21.56,22.62,19.12,14.73,8.619999999999999,0.12,0,0,0,0,0,0
0,0,0,0,0,0,0,5.81,15.42,17.48,19.29,17.24,16.48,16.06,14.34,14.93,9.779999999999999,0.16,0,0,0,0,0,0
0,0,0,0,0,0,0,6.15,15.77,19.77,20.24,16.12,16.57,21.05,19.54,16.73,10.45,0.18,0,0,0,0,0,0
0,0,0,0,0,0,0,4.38,12.13,15.56,17.06,17.56,18.26,17.04,13.19,10.62,7.96,0.12,0,0,0,0,0,0
0,0,0,0,0,0,0,1.15,6.36,8.58,11.39,12.11,14.38,14.73,12.54,10.85,5.93,0.1,0,0,0,0,0,0
0,0,0,0,0,0,0,5.41,16.6,20.22,21.03,20.01,21.97,23.06,20.96,18.27,11.97,0.19,0,0,0,0,0,0
0,0,0,0,0,0,0,5.55,16.24,18.1,17.42,12.06,15.73,16.87,16.87,15.92,9.529999999999999,0.2,0,0,0,0,0,0
0,0,0,0,0,0,0,5.17,14.5,18.31,19.28,18.91,21.33,18.99,17.57,17.63,10.79,0.24,0,0,0,0,0,0
0,0,0,0,0,0,0,5.99,14.53,18.45,21.64,20.55,22.41,22.69,22.43,19.07,12.23,0.28,0,0,0,0,0,0
0,0,0,0,0,0,0,5.28,15.76,21.16,20.25,19.47,20.44,21.88,22.44,18.37,11.46,0.33,0,0,0,0,0,0
0,0,0,0,0,0,0,6.13,14.09,19.91,20.04,22.56,22.34,22.91,21.64,18.66,12.77,0.39,0,0,0,0,0,0
0,0,0,0,0,0,0,2.85,10.26,15.43,17.76,19.49,21.57,22.77,21.41,15.86,7.98,0.18,0,0,0,0,0,0
0,0,0,0,0,0,0,0.47,2.4,4.71,6.51,8.06,9.09,10.48,10,8.289999999999999,4.05,0.13,0,0,0,0,0,0
0,0,0,0,0,0,0,5.08,14.5,20.52,21.35,19.79,21.97,20.38,16.81,17.97,12,0.51,0,0,0,0,0,0
0,0,0,0,0,0,0,5.93,15.4,18.42,20.39,22.49,22.58,20.06,21.57,17.67,12.84,0.53,0,0,0,0,0,0
0,0,0,0,0,0,0,5.5,17.02,19.09,21.22,18.45,19.34,19.61,17.56,16.99,12.61,0.55,0,0,0,0,0,0
0,0,0,0,0,0,0,5.37,14.24,18.55,21.49,21.72,22.37,23.15,20.79,17.99,10.6,0.54,0,0,0,0,0,0
0,0,0,0,0,0,0,5.76,15.95,17.78,19.53,20.1,22.43,22.71,21.17,20.47,13.18,0.82,0,0,0,0,0,0
0,0,0,0,0,0,0,5.81,15.33,19.14,23.07,21.41,21.85,23.07,21.44,16.76,10.59,0.65,0,0,0,0,0,0
0,0,0,0,0,0,0,0.65,2.43,5.1,6.98,7.48,9.43,10.61,10.18,8,4.43,0.22,0,0,0,0,0,0
0,0,0,0,0,0,0,4.25,12.21,15.74,16.95,17.48,19.22,16.73,14.52,11.78,5.11,0.22,0,0,0,0,0,0
0,0,0,0,0,0,0,1.69,4.51,11.5,14.7,16.38,16.05,17.23,14.25,12.57,8.07,0.55,0,0,0,0,0,0
0,0,0,0,0,0,0,4.48,12.18,17.11,19.41,19.33,19.17,17.67,12.81,8.039999999999999,2.8,0.11,0,0,0,0,0,0
0,0,0,0,0,0,0,4.88,11.2,17.17,16.52,17.24,18.32,16.62,15.42,11.64,7.28,0.57,0,0,0,0,0,0
0,0,0,0,0,0,0,5.63,13.09,19.58,22.47,23.11,22.93,21.87,22.2,16.57,11.12,1.49,0,0,0,0,0,0
0,0,0,0,0,0,0,5.99,15.78,19.83,22.58,22.32,22.15,24.77,20.14,19.12,13.8,2.07,0,0,0,0,0,0
0,0,0,0,0,0,0,5.55,15.37,22.16,21.47,23.13,22.48,21.73,21.48,18.64,13.01,2.23,0,0,0,0,0,0
0,0,0,0,0,0,0,5.7,16.24,21.57,21.91,20.71,21.98,23.48,21.25,19.2,12.52,1.74,0,0,0,0,0,0
0,0,0,0,0,0,0,6.29,17.42,21.91,23.44,23.32,23.26,21.92,22.67,21.16,12.69,2.87,0,0,0,0,0,0
0,0,0,0,0,0,0,5.81,15.8,22.34,22.76,21.28,23.47,24.79,22.15,19.91,14.67,3.12,0,0,0,0,0,0
0,0,0,0,0,0,0,5.21,15.02,20.67,19.41,16.3,21.82,20.84,23.88,19.07,13.01,2.34,0,0,0,0,0,0
0,0,0,0,0,0,0,4.76,12.88,16.71,17.34,17.6,20.39,20.05,18.95,18.28,11.52,1.1,0,0,0,0,0,0
0,0,0,0,0,0,0,2.69,8.880000000000001,15.9,20.65,21.24,21.31,20.52,20.63,18.51,13.62,2.54,0,0,0,0,0,0
0,0,0,0,0,0,0,5.46,14.14,17.38,19.42,16.48,17.97,19.5,20.63,18.25,14.24,3.19,0,0,0,0,0,0
0,0,0,0,0,0,0,5.01,15.68,19.66,21.05,22.8,21.06,19.46,19.66,19.58,13.2,3.26,0,0,0,0,0,0
0,0,0,0,0,0,0,5.42,15.23,20.25,21.67,20.16,20.13,23.45,22.35,19.96,15.23,3.29,0,0,0,0,0,0
0,0,0,0,0,0,0,5.36,14.91,19.39,21.16,22.68,21.54,18.52,15.57,11.88,5.45,0.48,0,0,0,0,0,0
0,0,0,0,0,0,0,3.37,11.55,16.66,17.85,20.25,22.69,23.15,20.33,21.7,15.11,3.66,0,0,0,0,0,0
0,0,0,0,0,0,0,5.99,15.67,19.43,17.57,16.97,18.27,18.45,18.05,14.46,7.09,0.5,0,0,0,0,0,0
0,0,0,0,0,0,0,6.01,15.74,20.49,21.3,21.75,20.84,19.61,19.66,16.03,10.44,2.31,0,0,0,0,0,0
0,0,0,0,0,0,0,4.83,13.36,17.51,20.85,19.91,20.28,20.09,17.79,17.16,10.91,2.63,0,0,0,0,0,0
0,0,0,0,0,0,0,5.29,11.96,16.43,19.16,18.45,21.08,21.97,22.75,18.34,13.39,3.49,0,0,0,0,0,0
0,0,0,0,0,0,0,5.91,14.59,19.28,20.11,18.88,20.81,22.33,20.99,19.65,13.53,4.13,0,0,0,0,0,0
0,0,0,0,0,0,0,5.83,13.94,17.03,18.73,16.23,18.36,17.04,16.22,13.57,9.210000000000001,2.06,0,0,0,0,0,0
0,0,0,0,0,0,0,5.93,15.26,20.65,22.82,23.04,23.64,22.11,22.51,20.47,16.13,4,0,0,0,0,0,0
0,0,0,0,0,0,0,6.77,15.62,21.3,23.5,22.03,22.97,24.22,22.41,21.39,13.15,3.64,0,0,0,0,0,0
0,0,0,0,0,0,0,5.42,16.24,19.22,19.8,19.35,22.68,23.34,24.85,21.12,15.84,4.27,0,0,0,0,0,0
0,0,0,0,0,0,0,5.93,14.9,20.62,21.65,23.37,20.3,22.84,20.27,19.26,13.58,4.2,0,0,0,0,0,0
0,0,0,0,0,0,0,6.08,15.79,20.48,22.27,24.36,20.5,22.25,18.62,16.84,12.02,2.65,0,0,0,0,0,0
0,0,0,0,0,0,0,5.85,14.52,19.69,20.51,20.77,22.1,22.61,21.24,20.92,14.92,4.26,0,0,0,0,0,0
0,0,0,0,0,0,0,6.07,16.64,20.68,22.58,24.79,22.75,22.83,22.04,21.88,16.93,4.53,0,0,0,0,0,0
0,0,0,0,0,0,0,6.51,15.58,22.19,22.59,19.88,22.67,22.67,21.76,18.79,14.55,4.86,0,0,0,0,0,0
0,0,0,0,0,0,0,5.78,12.91,18.04,20.39,20.25,20.96,22.67,21.87,20.64,15.24,4.93,0,0,0,0,0,0
0,0,0,0,0,0,0,6.04,15.59,19.64,20.08,21.97,21.27,24.78,22.15,20.41,16.2,4.99,0,0,0,0,0,0
0,0,0,0,0,0,0,7.34,17.21,20.72,21.41,24.07,22.18,22.63,23.42,22.98,17.35,5,0,0,0,0,0,0
0,0,0,0,0,0,0,7.2,16.15,18.97,22.02,22.51,23.54,24.34,24.3,20.8,17.56,4.94,0,0,0,0,0,0
0,0,0,0,0,0,0,7.71,16.14,20.42,20.82,20.44,22.61,21.54,20.52,20.37,14.6,4.79,0,0,0,0,0,0
0,0,0,0,0,0,0,8.02,16.32,19.71,21.36,20.45,23.01,21.21,23.59,19.27,16.67,4.84,0,0,0,0,0,0
0,0,0,0,0,0,0,7.64,18.16,20.91,22.41,19.87,20.75,16.87,11.42,9.130000000000001,5.25,0.8,0,0,0,0,0,0
0,0,0,0,0,0,0,8.06,16.82,21.12,22.5,22.38,22.86,22.37,20.52,21.93,16.13,4.87,0,0,0,0,0,0
0,0,0,0,0,0,0,5.82,6.87,10.56,12.3,14.4,15.4,17.22,16.15,16.28,14.39,3.94,0,0,0,0,0,0
0,0,0,0,0,0,0,8.59,16.16,20.57,22.36,23.14,19.77,18.18,12.09,10.01,6.72,1.46,0,0,0,0,0,0
0,0,0,0,0,0,0,8.02,14.43,19.75,23.31,22.98,23.4,22.11,23.45,20,16.04,4.82,0,0,0,0,0,0
0,0,0,0,0,0,0,9,17.9,20.71,22.44,24.44,23.45,22.36,23.01,21.76,16.52,5.36,0,0,0,0,0,0
0,0,0,0,0,0,0,7.92,17.61,21.23,22.9,24.49,24.72,23.11,21.07,20.82,15.18,4.94,0,0,0,0,0,0
0,0,0,0,0,0,0,8.6,16.11,20.29,19.83,16.62,19.18,21.15,20.2,19.27,15.24,5.22,0,0,0,0,0,0
0,0,0,0,0,0,0,8.1,17.02,20.54,20.91,22.78,22.74,22,20.36,19.75,14.65,4.41,0,0,0,0,0,0
0,0,0,0,0,0,0,9.140000000000001,18.08,19.02,20.86,18.07,19.86,21.02,21.69,19.44,14.86,5.02,0,0,0,0,0,0
0,0,0,0,0,0,0,8.59,18.39,20.19,20.93,19.77,19.8,23.63,20.05,19.55,13.95,4.22,0,0,0,0,0,0
0,0,0,0,0,0,0.02,8.529999999999999,16.35,17.08,17.09,14.15,19.52,21.26,22.57,19.76,14.48,4.86,0,0,0,0,0,0
0,0,0,0,0,0,0.03,8.65,17.26,20.29,18.46,15.15,14.21,13.76,11.29,9.26,5.74,0.88,0,0,0,0,0,0
0,0,0,0,0,0,0.02,6.46,9.869999999999999,16.37,20.81,21.2,22.53,21.2,21.12,19.82,15.4,5.18,0,0,0,0,0,0
0,0,0,0,0,0,0.04,8.640000000000001,18.17,20.83,21.5,21.29,21.18,20.67,22.65,22.14,16.22,5.34,0,0,0,0,0,0
0,0,0,0,0,0,0.05,7.99,18.59,21.63,22.62,20.6,21.37,20.5,18.17,19.41,17.86,5.31,0,0,0,0,0,0
0,0,0,0,0,0,0.05,8.289999999999999,17.02,21.85,24.36,22.51,22.83,22.41,21.62,21.94,15.43,5.29,0,0,0,0,0,0
0,0,0,0,0,0,0.06,8.26,20.13,20.1,22.19,22.98,22.71,22.13,20.35,22.29,15.92,5.86,0,0,0,0,0,0
0,0,0,0,0,0,0.07000000000000001,8.16,17.65,20.18,22.36,24.62,23.13,22.19,22.49,19.33,17.28,5.09,0,0,0,0,0,0
0,0,0,0,0,0,0.07000000000000001,7.88,17.71,21.44,20.95,25.04,24.21,21.86,23.48,21.2,17.12,5.49,0,0,0,0,0,0
0,0,0,0,0,0,0.09,8.24,17.99,20.34,18.97,12.9,18.67,21.47,22.55,20.26,12.02,2.64,0,0,0,0,0,0
0,0,0,0,0,0,0.04,8.32,16.81,20.7,21.47,24.09,22.99,22.75,21.51,19.67,17.32,5.77,0,0,0,0,0,0
0,0,0,0,0,0,0.1,8.93,16.93,21.58,22.1,23.43,19.97,20.57,16.1,18.12,15.77,5.2,0,0,0,0,0,0
0,0,0,0,0,0,0.09,8.94,15.5,18.23,20.79,21.73,22.32,21.93,22.31,20.25,15.94,5.5,0,0,0,0,0,0
0,0,0,0,0,0,0.07000000000000001,6.3,8,15.83,20.09,24.9,24.49,20.9,23.75,19.09,17.47,5.64,0,0,0,0,0,0
0,0,0,0,0,0,0.1,9.23,18.3,19.52,18.14,13.55,18.04,21.2,20.84,18.6,10.2,0.9399999999999999,0,0,0,0,0,0
0,0,0,0,0,0,0.1,7.91,20.03,22.2,21.42,21.68,20.83,23.86,20.39,18.63,12.51,3.22,0,0,0,0,0,0
0,0,0,0,0,0,0.08,9.34,17.7,20.15,20.15,17.41,16.74,17.51,17.66,14.64,9.949999999999999,3.01,0,0,0,0,0,0
0,0,0,0,0,0,0.12,8.74,17.58,21.94,19.46,21.54,20.66,22.8,21.06,19.64,14.96,5.17,0,0,0,0,0,0
0,0,0,0,0,0,0.13,8.51,16.38,19.79,20.18,22.18,22.79,24.07,20.88,21.12,16.23,5.41,0,0,0,0,0,0
0,0,0,0,0,0,0.16,9.59,11.74,18.57,20.2,22.49,23.21,21.61,20.61,19.6,15.33,5.55,0,0,0,0,0,0
0,0,0,0,0,0,0.17,8.279999999999999,16.08,18.42,21.44,22.62,23.46,22.69,23.16,20.11,15.95,6.04,0,0,0,0,0,0
0,0,0,0,0,0,0.17,10.45,16.65,19.79,20.71,21.41,21.47,23.38,22.46,19.5,15.97,5.63,0,0,0,0,0,0
0,0,0,0,0,0,0.18,10.08,16.8,18.59,23.4,22.24,22.34,22.2,21.86,20.01,12.61,2.36,0,0,0,0,0,0
0,0,0,0,0,0,0.17,10.14,15.18,18.59,19.83,20.69,21.11,22.36,23.5,21.63,16.11,5.18,0,0,0,0,0,0
0,0,0,0,0,0,0.1,6.2,11.18,13.28,14.83,13.17,17.14,18.59,19.37,15.44,8.9,2.07,0,0,0,0,0,0
0,0,0,0,0,0,0.14,4.7,7.85,12.48,15.78,17.25,20.08,18.94,20.82,16.9,13.86,4.32,0,0,0,0,0,0
0,0,0,0,0,0,0.35,11.18,19.1,20.77,22.05,19.63,22.93,22.99,21.36,20.92,12.56,2.22,0,0,0,0,0,0
0,0,0,0,0,0,0.35,10.84,19.93,21.78,22.19,22.07,23.5,23.72,21.98,19.32,15.34,5.72,0,0,0,0,0,0
0,0,0,0,0,0,0.42,11.93,18.56,19.65,19.87,19.96,22.89,21.75,21.57,20.46,15.83,5.75,0,0,0,0,0,0
0,0,0,0,0,0,0.34,9.6,11.2,15.14,18.92,18.13,21.73,20.93,23.27,19.32,16.08,6.54,0,0,0,0,0,0
0,0,0,0,0,0,0.41,7.59,7.47,15.57,19.65,23.04,24.42,23.32,22.22,19.58,16.87,6.26,0,0,0,0,0,0
0,0,0,0,0,0,1.03,11.29,16.56,20.11,22.88,22.53,22.12,22.19,21.46,21.62,16.65,6.13,0,0,0,0,0,0
0,0,0,0,0,0,0.33,9.029999999999999,14.82,20.06,20.39,22,21.82,22.34,22.1,20.88,15.9,5.21,0,0,0,0,0,0
0,0,0,0,0,0,0.74,10.05,11.17,16.98,19.3,20.2,21.67,21.36,20.17,20.24,14.73,4.9,0,0,0,0,0,0
0,0,0,0,0,0,0.62,10.19,18.07,19.21,18.05,18.33,19.91,21.36,22.2,18.87,16.56,5.12,0,0,0,0,0,0
0,0,0,0,0,0,1.31,11.67,18.66,20.84,22.42,22.37,24.29,21.39,21.74,20.31,15,5.01,0,0,0,0,0,0
0,0,0,0,0,0,1.65,11.99,16.03,19.97,21.02,20.97,21,20.24,19.2,20.36,16.27,4.72,0,0,0,0,0,0
0,0,0,0,0,0,1.57,11.43,15.69,18.44,19.03,22,21.83,21.16,21.38,19.86,15.91,4.44,0,0,0,0,0,0
0,0,0,0,0,0,0.58,7.57,11.61,15.19,18,16.64,15.68,14.54,12.7,8.94,6.15,0.87,0,0,0,0,0,0
0,0,0,0,0,0,1.59,10.52,10.86,17.82,22.24,23.84,23.88,22.38,20.72,20.18,13.71,4.71,0,0,0,0,0,0
0,0,0,0,0,0,1.48,11.35,14.63,19.32,21.6,19.37,19.25,18.64,15.01,18.39,16.2,5.59,0,0,0,0,0,0
0,0,0,0,0,0,0.61,9.49,13.7,19.7,20.59,20,20.84,20.44,19.9,15.92,9.470000000000001,2.2,0,0,0,0,0,0
0,0,0,0,0,0,1.53,10.16,14.62,21.03,21.32,23.14,22.1,20.37,19.7,19.89,15.94,4.98,0,0,0,0,0,0
0,0,0,0,0,0,2.13,12.49,19.14,21.95,22.16,19.54,21.59,22.29,21.5,19.35,15.66,5.65,0,0,0,0,0,0
0,0,0,0,0,0,2.13,11.09,18.64,19.31,20.9,20.55,20.79,23.62,21.73,19.83,16.07,6.27,0,0,0,0,0,0
0,0,0,0,0,0,2.25,11.52,18.86,21.79,21.43,21.92,23.01,21.88,21.01,20.28,15.06,4.93,0,0,0,0,0,0
0,0,0,0,0,0,1.61,7.32,8.65,15.86,19.48,20.42,21.39,20.67,21.85,19.05,15.91,5.95,0,0,0,0,0,0
0,0,0,0,0,0,1.05,7.99,11.07,18.95,21.42,22.54,22.95,21.9,21.83,20.04,15.78,5.16,0,0,0,0,0,0
0,0,0,0,0,0,2.12,10.66,16.27,18.29,19.77,20.91,21.65,21.01,20.74,18.69,15.58,5.16,0,0,0,0,0,0
0,0,0,0,0,0,2.09,11.39,16.43,17.97,19.95,19.41,23.58,20.3,20.58,21.2,14.45,4.33,0,0,0,0,0,0
0,0,0,0,0,0,2.18,12.3,18.92,20.05,21.52,22.35,21.84,21.69,22.3,20.17,14.73,4.95,0,0,0,0,0,0
0,0,0,0,0,0,2.49,12.06,17.95,20.92,23.09,21.04,20.72,20.7,21.19,18.15,14.78,5.3,0,0,0,0,0,0
0,0,0,0,0,0,2.5,12.35,17.01,19.67,21.95,20.3,23.88,22.84,22.68,20.41,14.78,5.61,0,0,0,0,0,0
0,0,0,0,0,0,3.11,14.47,20.91,21.86,22.39,22.48,19.96,23.13,21.95,18.49,15.21,5.1,0,0,0,0,0,0
0,0,0,0,0,0,0.5600000000000001,6.43,12.18,17.74,21.4,20.82,22.79,20.06,21.08,17.52,11.8,3.63,0,0,0,0,0,0
0,0,0,0,0,0,2.22,12.15,18.46,21.13,23.91,20.61,23.53,21.43,22.01,17.69,12.36,2.5,0,0,0,0,0,0
0,0,0,0,0,0,3.11,12.59,18.42,20.78,20.54,21.36,22.6,22.83,21.02,20.76,14.87,5.82,0,0,0,0,0,0
0,0,0,0,0,0,3.44,12.08,18.18,21.96,22.04,22.52,22.55,24.55,22.16,20.95,14.76,5.93,0,0,0,0,0,0
0,0,0,0,0,0,3.21,11.57,17.76,19.96,21.93,21.91,22,22.5,22.96,19.87,14.13,5.46,0,0,0,0,0,0
0,0,0,0,0,0,1.91,11.22,17.87,20.43,22.05,22.71,22.61,20.06,15.31,12.26,6.33,0.9,0,0,0,0,0,0
0,0,0,0,0,0,0.9399999999999999,7.84,12.18,17.25,18.94,19.89,23.19,21.65,21.76,18.08,14.38,4.7,0,0,0,0,0,0
0,0,0,0,0,0,2.58,12.6,16.76,19.92,21.42,22.18,22.85,22.58,19.55,20.62,16.32,5.75,0,0,0,0,0,0
0,0,0,0,0,0,2.63,11.83,18.79,22.83,22.27,20.68,22.73,22.68,21.8,18.88,16.92,5.78,0,0,0,0,0,0
0,0,0,0,0,0,2.52,12.51,19.52,21.4,21.42,22.07,22.15,22.99,22.37,21.15,15.83,5.42,0,0,0,0,0,0
0,0,0,0,0,0,2.63,12.16,19.51,19.28,23.52,21.47,20.87,21.86,20.15,19.35,14.64,5.24,0,0,0,0,0,0
0,0,0,0,0,0,3.52,13.65,19.74,20.35,21.02,22.51,21.11,24.12,20.93,18.82,14.55,5.28,0,0,0,0,0,0
0,0,0,0,0,0,3.84,10.83,15.93,18.42,20.4,22.05,20.72,22.5,20.9,19.26,15.02,5.56,0,0,0,0,0,0
0,0,0,0,0,0,2.48,8.550000000000001,9.210000000000001,15.75,18.13,19.26,19.99,21.6,18.57,18.12,14.93,4.5,0,0,0,0,0,0
0,0,0,0,0,0,3.58,13,18.45,20.63,19.72,18.91,18.81,17.68,16.49,12.06,6.64,0.99,0,0,0,0,0,0
0,0,0,0,0,0,2.51,11.13,15.45,19.29,20.28,20.08,21.35,18.6,19.64,16.2,12.19,4.09,0,0,0,0,0,0
0,0,0,0,0,0,2.37,8.91,11.54,15.9,19.94,18.88,17.68,16.63,15.76,12.25,8.65,3.04,0,0,0,0,0,0
0,0,0,0,0,0,0.43,2.87,4.5,8.19,11.17,13.83,14.01,14.07,11.14,8.81,5.82,1.05,0,0,0,0,0,0
0,0,0,0,0,0,0.87,5.98,8.949999999999999,13.45,14.48,18.44,16.39,14.17,11.86,8.83,5.84,1.08,0,0,0,0,0,0
0,0,0,0,0,0,0.54,5.3,9.050000000000001,12.43,15.71,17.56,17.17,16.44,14.86,11.31,6.68,1.15,0,0,0,0,0,0
0,0,0,0,0,0,0.39,4.19,8.51,10.25,12.22,13.03,15.73,16.42,14.63,11.65,6.7,1.12,0,0,0,0,0,0
0,0,0,0,0,0,3.31,10.55,9.210000000000001,10.58,12.3,14.47,15.35,15.2,14.62,11.67,6.55,1.09,0,0,0,0,0,0
0,0,0,0,0,0,0.85,6.12,8.43,15.74,19.24,21.99,22.43,21.55,21.64,17.78,12.13,3.5,0,0,0,0,0,0
0,0,0,0,0,0,3.21,12.22,19.08,22.34,23.19,21.04,22.36,21.02,18.42,16.28,7.84,1,0,0,0,0,0,0
0,0,0,0,0,0,0.62,5.21,9.039999999999999,11.39,12.83,14.7,13.2,12.89,11.95,8.31,3.27,0.52,0,0,0,0,0,0
0,0,0,0,0,0,3.37,12.23,16.03,18.55,19.9,21.01,20.97,20.67,21.26,17.22,10.47,3.65,0,0,0,0,0,0
0,0,0,0,0,0,0.61,4.98,8.199999999999999,11.99,14.85,16.24,16.41,15.39,12.8,10.06,5.93,1.12,0,0,0,0,0,0
0,0,0,0,0,0,2.45,10.38,17.97,21.63,20.05,22.36,20.88,21.71,20.35,19.05,14.66,5.13,0,0,0,0,0,0
0,0,0,0,0,0,2.53,10.1,10.87,12.62,13.06,13.54,14.37,14.68,15.38,10.78,6.16,0.98,0,0,0,0,0,0
0,0,0,0,0,0,2.01,8.300000000000001,10.77,14.66,17.28,15.5,16.64,16.41,15.31,11.05,8.17,2.38,0,0,0,0,0,0
0,0,0,0,0,0,0.23,1.97,4.54,6.71,8.73,8.31,9.33,8.51,7.14,4.96,2.68,0.51,0,0,0,0,0,0
0,0,0,0,0,0,1.73,10.07,14.24,17.22,18.65,16.2,17.29,18.12,17.47,15.01,10.08,3.64,0,0,0,0,0,0
0,0,0,0,0,0,1.98,10.31,14.86,16.84,19.24,19.51,19.14,20.63,19.55,18.57,15.11,5.16,0,0,0,0,0,0
0,0,0,0,0,0,2.5,12.57,17.44,19.66,18.98,18.06,17.22,17.9,17.23,13.72,9.17,2.63,0,0,0,0,0,0
0,0,0,0,0,0,2.33,10.24,15.68,18.33,17.49,16.43,17.64,17.66,17.96,12.41,5.56,0.49,0,0,0,0,0,0
0,0,0,0,0,0,0.46,4.96,8.039999999999999,13.12,15.96,17.8,16.03,14.06,11.29,12.9,10.07,4.51,0,0,0,0,0,0
0,0,0,0,0,0,2.27,11.78,16.5,18.76,20.55,21.27,20.67,20.31,19.77,17.08,12.06,3.94,0,0,0,0,0,0
0,0,0,0,0,0,2.32,12.2,18.16,21.71,22.01,22.4,21.79,21.87,20.17,16.35,10.26,2.86,0,0,0,0,0,0
0,0,0,0,0,0,2.19,11.59,17.81,22.55,20.2,22.07,22.29,18.88,15.56,12,7.71,2.31,0,0,0,0,0,0
0,0,0,0,0,0,0.43,4.56,8.08,9.369999999999999,9.69,9.43,9.039999999999999,8.869999999999999,7.13,4.88,2.35,0.51,0,0,0,0,0,0
0,0,0,0,0,0,2.76,5.47,4.44,6.58,8.449999999999999,8.640000000000001,11.4,11.46,11.85,9.17,5.45,1.27,0,0,0,0,0,0
0,0,0,0,0,0,0.53,3.28,4.05,8.94,12.43,12.96,13.32,13.14,11.62,8.359999999999999,5.8,1.18,0,0,0,0,0,0
0,0,0,0,0,0,1.06,8,10.85,13.5,15.75,17.62,16.06,16.84,13.76,11.94,8.390000000000001,2.67,0,0,0,0,0,0
0,0,0,0,0,0,0.75,7.49,12.33,14.5,16.05,18.03,16.43,16.56,15.94,12.93,8.41,2.79,0,0,0,0,0,0
0,0,0,0,0,0,3.17,10.96,15.07,16.62,18.69,18.27,15.76,15.96,14.45,12.55,8.85,2.62,0,0,0,0,0,0
0,0,0,0,0,0,2.9,10.02,14.29,16.92,17.85,16.73,18.28,16.32,16.22,14.99,9.07,4.34,0,0,0,0,0,0
